step,action,action_id,bid_t,ask_t,bid_t1,ask_t1,model_bid,model_ask,n_working_bids,n_working_asks,trade_px_t1,trade_aggr_t1,trade_size_t1,trade_filled_buy_qty,trade_filled_sell_qty,inventory,cash,pnl,mtm_t1,delta_mtm,damp_mtm,realized_this_step,inv_penalty,inv_reduction_reward,near_miss_bonus,no_quote_inventory_penalty,no_quote_streak_penalty,no_quote_streak,normalized_reward,reward
1,QUOTE_BOTH,2,35.93,36.09,35.93,35.4,36.0,36.02,0,1,,,,0,0,100,96400.0,-7.0,99993.0,-7.0,-0.035,-68.0,0.2,0.0,0.0,0.0,0.0,0,-0.335,-68.235
2,QUOTE_ASK,1,35.93,35.4,35.93,35.4,35.65,35.67,0,0,35.02,BID,100.0,0,0,0,99967.0,-33.0,99967.0,-26.0,-0.13,5.0,0.0,0.005,0.0,0.0,0.0,0,0.023,4.875
3,QUOTE_BID,0,35.93,35.4,35.93,35.4,35.65,35.67,0,0,35.02,BID,13600.0,0,0,100,96402.0,-5.0,99995.0,28.0,0.11200000000000002,4.999,0.2,0.0,0.0,0.0,0.0,0,0.024,4.911
4,QUOTE_ASK,1,35.93,35.4,35.93,35.4,35.65,35.67,0,0,35.02,BID,400.0,0,0,0,99969.0,-31.0,99969.0,-26.0,-0.13,5.0,0.0,0.005,0.0,0.0,0.0,0,0.023,4.875
5,NO_QUOTE,3,35.93,35.4,35.93,35.4,35.65,35.67,0,0,35.02,BID,1000.0,0,0,0,99969.0,-31.0,99969.0,0.0,0.0,0.0,0.0,0.0,0.0,0.0,0.05,1,0.0,-0.05
6,QUOTE_BOTH,2,35.93,35.4,35.93,35.4,35.65,35.67,0,0,35.02,BID,15900.0,0,0,0,99971.0,-29.0,99971.0,2.0,0.008,10.0,0.0,0.0,0.0,0.0,0.0,0,0.049,10.008
7,QUOTE_BID,0,35.93,35.4,35.93,35.4,35.65,35.67,0,0,35.02,BID,1700.0,0,0,100,96406.0,-1.0,99999.0,28.0,0.11200000000000002,4.999,0.2,0.0,0.0,0.0,0.0,0,0.024,4.911
8,QUOTE_BID,0,35.93,35.4,35.93,35.4,35.65,35.67,0,0,35.02,BID,26000.0,0,0,200,92841.0,27.0,100027.0,28.0,0.11200000000000002,4.999,0.8,0.0,0.0,0.0,0.0,0,0.021,4.311
9,QUOTE_ASK,1,35.93,35.4,35.93,35.4,35.65,35.67,0,0,35.02,BID,5900.0,0,0,100,96408.0,1.0,100001.0,-26.0,-0.13,5.0,0.2,0.01,0.0,0.0,0.0,0,0.022,4.68
10,QUOTE_ASK,1,35.93,35.4,35.93,35.4,35.65,35.67,0,0,35.02,BID,8000.0,0,0,0,99975.0,-25.0,99975.0,-26.0,-0.13,5.0,0.0,0.005,0.0,0.0,0.0,0,0.023,4.875
11,QUOTE_ASK,1,35.93,35.4,35.93,35.4,35.65,35.67,0,0,35.02,BID,700.0,0,0,-100,103542.0,2.0,100002.0,27.0,0.10800000000000001,5.0,0.2,0.0,0.0,0.0,0.0,0,0.024,4.908
12,QUOTE_BID,0,35.93,35.4,35.93,35.4,35.65,35.67,0,0,35.02,BID,29900.0,0,0,0,99977.0,-23.0,99977.0,-25.0,-0.125,4.999,0.0,0.005,0.0,0.0,0.0,0,0.023,4.879
13,QUOTE_ASK,1,35.93,35.4,35.93,35.4,35.65,35.67,0,0,35.02,BID,7900.0,0,0,-100,103544.0,4.0,100004.0,27.0,0.10800000000000001,5.0,0.2,0.0,0.0,0.0,0.0,0,0.024,4.908
14,NO_QUOTE,3,35.93,35.4,35.93,35.4,35.65,35.67,0,0,35.02,BID,800.0,0,0,-100,103544.0,4.0,100004.0,0.0,0.0,0.0,0.2,0.0,0.0,0.005,0.05,1,-0.001,-0.255
15,QUOTE_BID,0,35.93,35.4,35.93,35.4,35.65,35.67,0,0,35.02,BID,1400.0,0,0,0,99979.0,-21.0,99979.0,-25.0,-0.125,4.999,0.0,0.005,0.0,0.0,0.0,0,0.023,4.879
16,QUOTE_BID,0,35.93,35.4,35.93,35.4,35.65,35.67,0,0,35.02,BID,7500.0,0,0,100,96414.0,7.0,100007.0,28.0,0.11200000000000002,4.999,0.2,0.0,0.0,0.0,0.0,0,0.024,4.911
17,QUOTE_ASK,1,35.93,35.4,35.93,35.4,35.65,35.67,0,0,35.02,BID,10100.0,0,0,0,99981.0,-19.0,99981.0,-26.0,-0.13,5.0,0.0,0.005,0.0,0.0,0.0,0,0.023,4.875
18,NO_QUOTE,3,35.93,35.4,35.93,35.4,35.65,35.67,0,0,35.02,BID,1900.0,0,0,0,99981.0,-19.0,99981.0,0.0,0.0,0.0,0.0,0.0,0.0,0.0,0.05,1,0.0,-0.05
19,QUOTE_BID,0,35.93,35.4,35.93,35.4,35.65,35.67,0,0,35.02,BID,7200.0,0,0,100,96416.0,9.0,100009.0,28.0,0.11200000000000002,4.999,0.2,0.0,0.0,0.0,0.0,0,0.024,4.911
20,QUOTE_ASK,1,35.93,35.4,35.93,35.4,35.65,35.67,0,0,35.02,BID,14300.0,0,0,0,99983.0,-17.0,99983.0,-26.0,-0.13,5.0,0.0,0.005,0.0,0.0,0.0,0,0.023,4.875
21,QUOTE_ASK,1,35.93,35.4,35.93,35.4,35.65,35.67,0,0,35.02,BID,1100.0,0,0,-100,103550.0,10.0,100010.0,27.0,0.10800000000000001,5.0,0.2,0.0,0.0,0.0,0.0,0,0.024,4.908
22,QUOTE_BID,0,35.93,35.4,35.93,35.4,35.65,35.67,0,0,35.02,BID,200.0,0,0,0,99985.0,-15.0,99985.0,-25.0,-0.125,4.999,0.0,0.005,0.0,0.0,0.0,0,0.023,4.879
23,QUOTE_BOTH,2,35.93,35.4,35.93,35.4,35.65,35.67,0,0,35.02,BID,18300.0,0,0,0,99987.0,-13.0,99987.0,2.0,0.008,10.0,0.0,0.0,0.0,0.0,0.0,0,0.049,10.008
24,NO_QUOTE,3,35.93,35.4,35.93,35.4,35.65,35.67,0,0,35.02,BID,500.0,0,0,0,99987.0,-13.0,99987.0,0.0,0.0,0.0,0.0,0.0,0.0,0.0,0.05,1,0.0,-0.05
25,QUOTE_ASK,1,35.93,35.4,35.93,35.4,35.65,35.67,0,0,35.02,BID,300.0,0,0,-100,103554.0,14.0,100014.0,27.0,0.10800000000000001,5.0,0.2,0.0,0.0,0.0,0.0,0,0.024,4.908
26,QUOTE_BID,0,35.93,35.4,35.93,35.4,35.65,35.67,0,0,35.02,BID,6700.0,0,0,0,99989.0,-11.0,99989.0,-25.0,-0.125,4.999,0.0,0.005,0.0,0.0,0.0,0,0.023,4.879
27,QUOTE_BOTH,2,35.93,35.4,35.93,35.4,35.65,35.67,0,0,35.02,BID,1500.0,0,0,0,99991.0,-9.0,99991.0,2.0,0.008,10.0,0.0,0.0,0.0,0.0,0.0,0,0.049,10.008
28,QUOTE_ASK,1,35.93,35.4,35.93,35.4,35.65,35.67,0,0,35.02,BID,3600.0,0,0,-100,103558.0,18.0,100018.0,27.0,0.10800000000000001,5.0,0.2,0.0,0.0,0.0,0.0,0,0.024,4.908
29,QUOTE_BID,0,35.93,35.4,35.93,35.4,35.65,35.67,0,0,35.02,BID,15400.0,0,0,0,99993.0,-7.0,99993.0,-25.0,-0.125,4.999,0.0,0.005,0.0,0.0,0.0,0,0.023,4.879
30,NO_QUOTE,3,35.93,35.4,35.93,35.4,35.65,35.67,0,0,35.02,BID,8300.0,0,0,0,99993.0,-7.0,99993.0,0.0,0.0,0.0,0.0,0.0,0.0,0.0,0.05,1,0.0,-0.05
31,NO_QUOTE,3,35.93,35.4,35.93,35.4,35.65,35.67,0,0,35.02,BID,6800.0,0,0,0,99993.0,-7.0,99993.0,0.0,0.0,0.0,0.0,0.0,0.0,0.0,0.1,2,0.0,-0.1
32,QUOTE_BID,0,35.93,35.4,35.93,35.4,35.65,35.67,0,0,35.02,BID,3200.0,0,0,100,96428.0,21.0,100021.0,28.0,0.11200000000000002,4.999,0.2,0.0,0.0,0.0,0.0,0,0.024,4.911
33,QUOTE_ASK,1,35.93,35.4,35.93,35.4,35.65,35.67,0,0,35.02,BID,5400.0,0,0,0,99995.0,-5.0,99995.0,-26.0,-0.13,5.0,0.0,0.005,0.0,0.0,0.0,0,0.023,4.875
34,QUOTE_BOTH,2,35.93,35.4,35.93,35.4,35.65,35.67,0,0,35.02,BID,5200.0,0,0,0,99997.0,-3.0,99997.0,2.0,0.008,10.0,0.0,0.0,0.0,0.0,0.0,0,0.049,10.008
35,NO_QUOTE,3,35.93,35.4,35.93,35.4,35.65,35.67,0,0,35.02,BID,2000.0,0,0,0,99997.0,-3.0,99997.0,0.0,0.0,0.0,0.0,0.0,0.0,0.0,0.05,1,0.0,-0.05
36,NO_QUOTE,3,35.93,35.4,35.93,35.4,35.65,35.67,0,0,35.02,BID,34800.0,0,0,0,99997.0,-3.0,99997.0,0.0,0.0,0.0,0.0,0.0,0.0,0.0,0.1,2,0.0,-0.1
37,QUOTE_BOTH,2,35.93,35.4,35.93,35.4,35.65,35.67,0,0,35.02,BID,1300.0,0,0,0,99999.0,-1.0,99999.0,2.0,0.008,10.0,0.0,0.0,0.0,0.0,0.0,0,0.049,10.008
38,NO_QUOTE,3,35.93,35.4,35.93,35.4,35.65,35.67,0,0,35.02,BID,900.0,0,0,0,99999.0,-1.0,99999.0,0.0,0.0,0.0,0.0,0.0,0.0,0.0,0.05,1,0.0,-0.05
39,QUOTE_BID,0,35.93,35.4,35.93,35.4,35.65,35.67,0,0,35.02,BID,16400.0,0,0,100,96434.0,27.0,100027.0,28.0,0.11200000000000002,4.999,0.2,0.0,0.0,0.0,0.0,0,0.024,4.911
40,NO_QUOTE,3,35.93,35.4,35.93,35.4,35.65,35.67,0,0,35.02,BID,2400.0,0,0,100,96434.0,27.0,100027.0,0.0,0.0,0.0,0.2,0.0,0.0,0.005,0.05,1,-0.001,-0.255
41,QUOTE_ASK,1,35.93,35.4,35.93,35.4,35.65,35.67,0,0,35.02,BID,4500.0,0,0,0,100001.0,1.0,100001.0,-26.0,-0.13,5.0,0.0,0.005,0.0,0.0,0.0,0,0.023,4.875
42,QUOTE_BOTH,2,35.93,35.4,35.93,35.4,35.65,35.67,0,0,35.02,BID,4000.0,0,0,0,100003.0,3.0,100003.0,2.0,0.008,10.0,0.0,0.0,0.0,0.0,0.0,0,0.049,10.008
43,NO_QUOTE,3,35.93,35.4,35.93,35.4,35.65,35.67,0,0,35.02,BID,2600.0,0,0,0,100003.0,3.0,100003.0,0.0,0.0,0.0,0.0,0.0,0.0,0.0,0.05,1,0.0,-0.05
44,QUOTE_ASK,1,35.93,35.4,35.93,35.4,35.65,35.67,0,0,35.02,BID,3500.0,0,0,-100,103570.0,30.0,100030.0,27.0,0.10800000000000001,5.0,0.2,0.0,0.0,0.0,0.0,0,0.024,4.908
45,QUOTE_BID,0,35.93,35.4,35.93,35.4,35.65,35.67,0,0,35.02,BID,3000.0,0,0,0,100005.0,5.0,100005.0,-25.0,-0.125,4.999,0.0,0.005,0.0,0.0,0.0,0,0.023,4.879
46,QUOTE_BID,0,35.93,35.4,35.93,35.4,35.65,35.67,0,0,35.02,BID,4800.0,0,0,100,96440.0,33.0,100033.0,28.0,0.11200000000000002,4.999,0.2,0.0,0.0,0.0,0.0,0,0.024,4.911
47,QUOTE_BID,0,35.93,35.4,35.93,35.4,35.65,35.67,0,0,35.02,BID,3300.0,0,0,200,92875.0,61.0,100061.0,28.0,0.11200000000000002,4.999,0.8,0.0,0.0,0.0,0.0,0,0.021,4.311
48,QUOTE_ASK,1,35.93,35.4,35.93,35.4,35.65,35.67,0,0,35.02,BID,600.0,0,0,100,96442.0,35.0,100035.0,-26.0,-0.13,5.0,0.2,0.01,0.0,0.0,0.0,0,0.022,4.68
49,QUOTE_BOTH,2,35.93,35.4,35.93,35.4,35.65,35.67,0,0,35.02,BID,2100.0,0,0,100,96444.0,37.0,100037.0,2.0,0.008,10.0,0.2,0.005,0.0,0.0,0.0,0,0.048,9.813
50,QUOTE_BOTH,2,35.93,35.4,35.93,35.4,35.65,35.67,0,0,35.02,BID,1200.0,0,0,100,96446.0,39.0,100039.0,2.0,0.008,10.0,0.2,0.005,0.0,0.0,0.0,0,0.048,9.813
51,QUOTE_ASK,1,35.93,35.4,35.93,35.4,35.65,35.67,0,0,35.02,BID,36600.0,0,0,0,100013.0,13.0,100013.0,-26.0,-0.13,5.0,0.0,0.005,0.0,0.0,0.0,0,0.023,4.875
52,QUOTE_BID,0,35.93,35.4,35.93,35.4,35.65,35.67,0,0,35.02,BID,4600.0,0,0,100,96448.0,41.0,100041.0,28.0,0.11200000000000002,4.999,0.2,0.0,0.0,0.0,0.0,0,0.024,4.911
53,QUOTE_ASK,1,35.93,35.4,35.93,35.4,35.65,35.67,0,0,35.02,BID,36700.0,0,0,0,100015.0,15.0,100015.0,-26.0,-0.13,5.0,0.0,0.005,0.0,0.0,0.0,0,0.023,4.875
54,QUOTE_BOTH,2,35.93,35.4,35.93,35.4,35.65,35.67,0,0,35.02,BID,10000.0,0,0,0,100017.0,17.0,100017.0,2.0,0.008,10.0,0.0,0.0,0.0,0.0,0.0,0,0.049,10.008
55,QUOTE_BID,0,35.93,35.4,35.93,35.4,35.65,35.67,0,0,35.02,BID,44000.0,0,0,100,96452.0,45.0,100045.0,28.0,0.11200000000000002,4.999,0.2,0.0,0.0,0.0,0.0,0,0.024,4.911
56,QUOTE_ASK,1,35.93,35.4,35.93,35.4,35.65,35.67,0,0,35.02,BID,4400.0,0,0,0,100019.0,19.0,100019.0,-26.0,-0.13,5.0,0.0,0.005,0.0,0.0,0.0,0,0.023,4.875
57,QUOTE_BOTH,2,35.93,35.4,35.93,35.4,35.65,35.67,0,0,35.02,BID,3400.0,0,0,0,100021.0,21.0,100021.0,2.0,0.008,10.0,0.0,0.0,0.0,0.0,0.0,0,0.049,10.008
58,NO_QUOTE,3,35.93,35.4,35.93,35.4,35.65,35.67,0,0,35.02,BID,2200.0,0,0,0,100021.0,21.0,100021.0,0.0,0.0,0.0,0.0,0.0,0.0,0.0,0.05,1,0.0,-0.05
59,QUOTE_BOTH,2,35.93,35.4,35.93,35.4,35.65,35.67,0,0,35.02,BID,5000.0,0,0,0,100023.0,23.0,100023.0,2.0,0.008,10.0,0.0,0.0,0.0,0.0,0.0,0,0.049,10.008
60,QUOTE_ASK,1,35.93,35.4,35.93,35.4,35.65,35.67,0,0,35.02,BID,4900.0,0,0,-100,103590.0,50.0,100050.0,27.0,0.10800000000000001,5.0,0.2,0.0,0.0,0.0,0.0,0,0.024,4.908
61,QUOTE_BID,0,35.93,35.4,35.93,35.4,35.65,35.67,0,0,35.02,BID,41900.0,0,0,0,100025.0,25.0,100025.0,-25.0,-0.125,4.999,0.0,0.005,0.0,0.0,0.0,0,0.023,4.879
62,QUOTE_BID,0,35.93,35.4,35.93,35.4,35.65,35.67,0,0,35.02,BID,50000.0,0,0,100,96460.0,53.0,100053.0,28.0,0.11200000000000002,4.999,0.2,0.0,0.0,0.0,0.0,0,0.024,4.911
63,QUOTE_ASK,1,35.93,35.4,35.93,35.4,35.65,35.67,0,0,35.02,BID,26200.0,0,0,0,100027.0,27.0,100027.0,-26.0,-0.13,5.0,0.0,0.005,0.0,0.0,0.0,0,0.023,4.875
64,QUOTE_BID,0,35.93,35.4,35.93,35.4,35.65,35.67,0,0,35.02,BID,31900.0,0,0,100,96462.0,55.0,100055.0,28.0,0.11200000000000002,4.999,0.2,0.0,0.0,0.0,0.0,0,0.024,4.911
65,QUOTE_ASK,1,35.93,35.4,35.93,35.4,35.65,35.67,0,0,35.02,BID,20000.0,0,0,0,100029.0,29.0,100029.0,-26.0,-0.13,5.0,0.0,0.005,0.0,0.0,0.0,0,0.023,4.875
66,QUOTE_BOTH,2,35.93,35.4,35.93,35.4,35.65,35.67,0,0,35.02,BID,2700.0,0,0,0,100031.0,31.0,100031.0,2.0,0.008,10.0,0.0,0.0,0.0,0.0,0.0,0,0.049,10.008
67,QUOTE_BID,0,35.93,35.4,35.93,35.4,35.65,35.67,0,0,35.02,BID,33000.0,0,0,100,96466.0,59.0,100059.0,28.0,0.11200000000000002,4.999,0.2,0.0,0.0,0.0,0.0,0,0.024,4.911
68,QUOTE_BOTH,2,35.93,35.4,35.93,35.4,35.65,35.67,0,0,35.02,BID,2800.0,0,0,100,96468.0,61.0,100061.0,2.0,0.008,10.0,0.2,0.005,0.0,0.0,0.0,0,0.048,9.813
69,QUOTE_ASK,1,35.93,35.4,35.93,35.4,35.65,35.67,0,0,35.02,BID,9800.0,0,0,0,100035.0,35.0,100035.0,-26.0,-0.13,5.0,0.0,0.005,0.0,0.0,0.0,0,0.023,4.875
70,QUOTE_BID,0,35.93,35.4,35.93,35.4,35.65,35.67,0,0,35.02,BID,13900.0,0,0,100,96470.0,63.0,100063.0,28.0,0.11200000000000002,4.999,0.2,0.0,0.0,0.0,0.0,0,0.024,4.911
71,QUOTE_BOTH,2,35.93,35.4,35.93,35.4,35.65,35.67,0,0,35.02,BID,11100.0,0,0,100,96472.0,65.0,100065.0,2.0,0.008,10.0,0.2,0.005,0.0,0.0,0.0,0,0.048,9.813
72,QUOTE_ASK,1,35.93,35.4,35.93,35.4,35.65,35.67,0,0,35.02,BID,1600.0,0,0,0,100039.0,39.0,100039.0,-26.0,-0.13,5.0,0.0,0.005,0.0,0.0,0.0,0,0.023,4.875
73,NO_QUOTE,3,35.93,35.4,35.93,35.4,35.65,35.67,0,0,35.02,BID,9000.0,0,0,0,100039.0,39.0,100039.0,0.0,0.0,0.0,0.0,0.0,0.0,0.0,0.05,1,0.0,-0.05
74,QUOTE_BOTH,2,35.93,35.4,35.93,35.4,35.65,35.67,0,0,35.02,BID,14600.0,0,0,0,100041.0,41.0,100041.0,2.0,0.008,10.0,0.0,0.0,0.0,0.0,0.0,0,0.049,10.008
75,NO_QUOTE,3,35.93,35.4,35.93,35.4,35.65,35.67,0,0,35.02,BID,100000.0,0,0,0,100041.0,41.0,100041.0,0.0,0.0,0.0,0.0,0.0,0.0,0.0,0.05,1,0.0,-0.05
76,QUOTE_BID,0,35.93,35.4,35.93,35.4,35.65,35.67,0,0,35.02,BID,30900.0,0,0,100,96476.0,69.0,100069.0,28.0,0.11200000000000002,4.999,0.2,0.0,0.0,0.0,0.0,0,0.024,4.911
77,QUOTE_BID,0,35.93,35.4,35.93,35.4,35.65,35.67,0,0,35.02,BID,14200.0,0,0,200,92911.0,97.0,100097.0,28.0,0.11200000000000002,4.999,0.8,0.0,0.0,0.0,0.0,0,0.021,4.311
78,QUOTE_ASK,1,35.93,35.4,35.93,35.4,35.65,35.67,0,0,35.02,BID,2900.0,0,0,100,96478.0,71.0,100071.0,-26.0,-0.13,5.0,0.2,0.01,0.0,0.0,0.0,0,0.022,4.68
79,NO_QUOTE,3,35.93,35.4,35.93,35.4,35.65,35.67,0,0,35.02,BID,20700.0,0,0,100,96478.0,71.0,100071.0,0.0,0.0,0.0,0.2,0.0,0.0,0.005,0.05,1,-0.001,-0.255
80,NO_QUOTE,3,35.93,35.4,35.93,35.4,35.65,35.67,0,0,35.02,BID,15000.0,0,0,100,96478.0,71.0,100071.0,0.0,0.0,0.0,0.2,0.0,0.0,0.005,0.1,2,-0.001,-0.305
81,QUOTE_ASK,1,35.93,35.4,35.93,35.4,35.65,35.67,0,0,35.02,BID,4300.0,0,0,0,100045.0,45.0,100045.0,-26.0,-0.13,5.0,0.0,0.005,0.0,0.0,0.0,0,0.023,4.875
82,QUOTE_BID,0,35.93,35.4,35.02,35.0,35.65,35.67,0,0,,,,0,0,100,96480.0,-18.0,99982.0,-63.0,-0.315,-128.0,0.2,0.0,0.0,0.0,0.0,0,-0.631,-128.515
83,QUOTE_ASK,1,35.02,35.0,35.02,35.06,35.0,35.02,0,0,,,,0,0,0,99982.0,-18.0,99982.0,0.0,0.0,-3.999,0.0,0.005,0.0,0.0,0.0,0,-0.019,-3.994
84,QUOTE_BID,0,35.02,35.06,35.02,35.09,35.03,35.05,1,0,,,,0,0,0,99982.0,-18.0,99982.0,0.0,0.0,0.0,0.0,0.0,0.0,0.0,0.0,0,0.0,0.0
85,QUOTE_BOTH,2,35.02,35.09,35.02,35.09,35.04,35.06,1,1,35.02,ASK,300.0,0,0,0,99982.0,-18.0,99982.0,0.0,0.0,0.0,0.0,0.0,0.0,0.0,0.0,0,0.0,0.0
86,QUOTE_BID,0,35.02,35.09,35.02,35.09,35.04,35.06,1,0,35.02,ASK,1400.0,0,0,0,99982.0,-18.0,99982.0,0.0,0.0,0.0,0.0,0.0,0.0,0.0,0.0,0,0.0,0.0
87,QUOTE_ASK,1,35.02,35.09,35.02,35.03,35.04,35.06,0,1,,,,0,0,0,99982.0,-18.0,99982.0,0.0,0.0,0.0,0.0,0.0,0.0,0.0,0.0,0,0.0,0.0
88,QUOTE_BID,0,35.02,35.03,35.02,35.03,35.01,35.03,1,0,35.02,ASK,100.0,0,0,0,99982.0,-18.0,99982.0,0.0,0.0,0.0,0.0,0.0,0.0,0.0,0.0,0,0.0,0.0
89,QUOTE_ASK,1,35.02,35.03,35.02,35.03,35.01,35.03,0,1,35.02,ASK,200.0,0,0,0,99982.0,-18.0,99982.0,0.0,0.0,0.0,0.0,0.0,0.0,0.0,0.0,0,0.0,0.0
90,NO_QUOTE,3,35.02,35.03,35.02,35.03,35.01,35.03,0,0,35.02,ASK,1000.0,0,0,0,99982.0,-18.0,99982.0,0.0,0.0,0.0,0.0,0.0,0.0,0.0,0.05,1,0.0,-0.05
91,QUOTE_ASK,1,35.02,35.03,35.02,35.03,35.01,35.03,0,1,35.01,ASK,300.0,0,0,0,99982.0,-18.0,99982.0,0.0,0.0,0.0,0.0,0.0,0.0,0.0,0.0,0,0.0,0.0
92,NO_QUOTE,3,35.02,35.03,35.02,35.03,35.01,35.03,0,0,35.01,ASK,200.0,0,0,0,99982.0,-18.0,99982.0,0.0,0.0,0.0,0.0,0.0,0.0,0.0,0.05,1,0.0,-0.05
93,QUOTE_BID,0,35.02,35.03,35.02,35.03,35.01,35.03,0,0,35.01,ASK,100.0,100,0,100,96481.0,-17.0,99983.0,1.0,0.004,5.0,0.2,0.0,0.0,0.0,0.0,0,0.023,4.804
94,QUOTE_ASK,1,35.02,35.03,35.02,35.03,35.01,35.03,0,1,35.01,ASK,1100.0,0,0,100,96481.0,-17.0,99983.0,0.0,0.0,0.0,0.2,0.005,0.0,0.0,0.0,0,0.0,-0.195
95,NO_QUOTE,3,35.02,35.03,35.01,35.03,35.01,35.03,0,0,,,,0,0,100,96481.0,-18.0,99982.0,-1.0,-0.005,0.0,0.2,0.0,0.0,0.005,0.05,1,-0.001,-0.26
96,NO_QUOTE,3,35.01,35.03,35.01,35.03,35.0,35.02,0,0,35.03,BID,200.0,0,0,100,96481.0,-18.0,99982.0,0.0,0.0,0.0,0.2,0.0,0.0,0.005,0.1,2,-0.001,-0.305
97,QUOTE_ASK,1,35.01,35.03,35.01,35.05,35.0,35.02,0,1,,,,0,0,100,96481.0,-18.0,99982.0,0.0,0.0,0.0,0.2,0.005,0.01,0.0,0.0,0,0.0,-0.185
98,QUOTE_ASK,1,35.01,35.05,35.03,35.05,35.02,35.04,0,1,,,,0,0,100,96481.0,-16.0,99984.0,2.0,0.008,0.0,0.2,0.005,0.0,0.0,0.0,0,0.0,-0.187
99,QUOTE_ASK,1,35.03,35.05,35.03,35.05,35.03,35.05,0,1,35.03,ASK,2300.0,0,0,100,96481.0,-16.0,99984.0,0.0,0.0,0.0,0.2,0.005,0.0,0.0,0.0,0,0.0,-0.195
100,QUOTE_ASK,1,35.03,35.05,35.03,35.05,35.03,35.05,0,1,35.03,ASK,1400.0,0,0,100,96481.0,-16.0,99984.0,0.0,0.0,0.0,0.2,0.005,0.0,0.0,0.0,0,0.0,-0.195
101,QUOTE_ASK,1,35.03,35.05,35.03,35.05,35.03,35.05,0,1,35.01,ASK,500.0,0,0,100,96481.0,-16.0,99984.0,0.0,0.0,0.0,0.2,0.005,0.0,0.0,0.0,0,0.0,-0.195
102,QUOTE_ASK,1,35.03,35.05,35.03,35.05,35.03,35.05,0,1,35.01,ASK,1000.0,0,0,100,96481.0,-16.0,99984.0,0.0,0.0,0.0,0.2,0.005,0.0,0.0,0.0,0,0.0,-0.195
103,QUOTE_ASK,1,35.03,35.05,35.03,35.05,35.03,35.05,0,1,35.01,ASK,2500.0,0,0,100,96481.0,-16.0,99984.0,0.0,0.0,0.0,0.2,0.005,0.0,0.0,0.0,0,0.0,-0.195
104,QUOTE_ASK,1,35.03,35.05,35.03,35.05,35.03,35.05,0,1,35.01,ASK,400.0,0,0,100,96481.0,-16.0,99984.0,0.0,0.0,0.0,0.2,0.005,0.0,0.0,0.0,0,0.0,-0.195
105,QUOTE_ASK,1,35.03,35.05,35.03,35.05,35.03,35.05,0,1,35.01,ASK,9100.0,0,0,100,96481.0,-16.0,99984.0,0.0,0.0,0.0,0.2,0.005,0.0,0.0,0.0,0,0.0,-0.195
106,QUOTE_ASK,1,35.03,35.05,35.01,35.02,35.03,35.05,0,1,,,,0,0,100,96481.0,-18.0,99982.0,-2.0,-0.01,0.0,0.2,0.005,0.0,0.0,0.0,0,-0.001,-0.205
107,QUOTE_ASK,1,35.01,35.02,35.01,35.04,35.0,35.02,0,1,,,,0,0,100,96481.0,-18.0,99982.0,0.0,0.0,0.0,0.2,0.005,0.01,0.0,0.0,0,0.0,-0.185
108,QUOTE_BID,0,35.01,35.04,35.02,35.05,35.01,35.03,1,0,,,,0,0,100,96481.0,-17.0,99983.0,1.0,0.004,0.0,0.2,0.0,0.0,0.0,0.0,0,0.0,-0.196
109,QUOTE_ASK,1,35.02,35.05,35.02,35.05,35.02,35.04,0,1,35.05,BID,200.0,0,0,100,96481.0,-17.0,99983.0,0.0,0.0,0.0,0.2,0.005,0.0,0.0,0.0,0,0.0,-0.195
110,QUOTE_ASK,1,35.02,35.05,35.02,35.05,35.02,35.04,0,1,35.05,BID,800.0,0,0,100,96481.0,-17.0,99983.0,0.0,0.0,0.0,0.2,0.005,0.0,0.0,0.0,0,0.0,-0.195
111,QUOTE_ASK,1,35.02,35.05,35.02,35.05,35.02,35.04,0,1,35.05,BID,100.0,0,0,100,96481.0,-17.0,99983.0,0.0,0.0,0.0,0.2,0.005,0.0,0.0,0.0,0,0.0,-0.195
112,QUOTE_BOTH,2,35.02,35.05,35.03,35.04,35.02,35.04,1,1,,,,0,0,100,96481.0,-16.0,99984.0,1.0,0.004,0.0,0.2,0.005,0.0,0.0,0.0,0,0.0,-0.191
113,QUOTE_BOTH,2,35.03,35.04,35.03,35.04,35.02,35.04,1,1,35.03,ASK,500.0,0,0,100,96481.0,-16.0,99984.0,0.0,0.0,0.0,0.2,0.005,0.0,0.0,0.0,0,0.0,-0.195
114,QUOTE_ASK,1,35.03,35.04,35.03,35.04,35.02,35.04,0,1,35.03,ASK,200.0,0,0,100,96481.0,-16.0,99984.0,0.0,0.0,0.0,0.2,0.005,0.0,0.0,0.0,0,0.0,-0.195
115,QUOTE_ASK,1,35.03,35.04,35.03,35.04,35.02,35.04,0,1,35.02,ASK,700.0,0,0,100,96481.0,-16.0,99984.0,0.0,0.0,0.0,0.2,0.005,0.0,0.0,0.0,0,0.0,-0.195
116,QUOTE_ASK,1,35.03,35.04,35.02,35.04,35.02,35.04,0,1,,,,0,0,100,96481.0,-17.0,99983.0,-1.0,-0.005,0.0,0.2,0.005,0.0,0.0,0.0,0,0.0,-0.2
117,QUOTE_ASK,1,35.02,35.04,35.02,35.04,35.02,35.04,0,1,35.03,BID,100.0,0,0,100,96481.0,-17.0,99983.0,0.0,0.0,0.0,0.2,0.005,0.0,0.0,0.0,0,0.0,-0.195
118,QUOTE_ASK,1,35.02,35.04,35.02,35.04,35.02,35.04,0,0,35.04,BID,200.0,0,100,0,99985.0,-15.0,99985.0,2.0,0.008,4.999,0.0,0.005,0.0,0.0,0.0,0,0.024,5.012
119,NO_QUOTE,3,35.02,35.04,35.02,35.04,35.02,35.04,0,0,35.04,BID,600.0,0,0,0,99985.0,-15.0,99985.0,0.0,0.0,0.0,0.0,0.0,0.0,0.0,0.05,1,0.0,-0.05
120,NO_QUOTE,3,35.02,35.04,35.02,35.04,35.02,35.04,0,0,35.04,BID,100.0,0,0,0,99985.0,-15.0,99985.0,0.0,0.0,0.0,0.0,0.0,0.0,0.0,0.1,2,0.0,-0.1
121,QUOTE_BID,0,35.02,35.04,35.02,35.04,35.02,35.04,1,0,35.03,ASK,100.0,0,0,0,99985.0,-15.0,99985.0,0.0,0.0,0.0,0.0,0.0,0.0,0.0,0.0,0,0.0,0.0
122,NO_QUOTE,3,35.02,35.04,35.02,35.04,35.02,35.04,0,0,35.04,BID,1000.0,0,0,0,99985.0,-15.0,99985.0,0.0,0.0,0.0,0.0,0.0,0.0,0.0,0.05,1,0.0,-0.05
123,QUOTE_BID,0,35.02,35.04,35.02,35.04,35.02,35.04,0,0,35.02,ASK,2100.0,100,0,100,96483.0,-15.0,99985.0,0.0,0.0,4.999,0.2,0.0,0.0,0.0,0.0,0,0.023,4.799
124,QUOTE_ASK,1,35.02,35.04,35.02,35.04,35.02,35.04,0,1,35.01,ASK,600.0,0,0,100,96483.0,-15.0,99985.0,0.0,0.0,0.0,0.2,0.005,0.0,0.0,0.0,0,0.0,-0.195
125,QUOTE_ASK,1,35.02,35.04,35.02,35.04,35.02,35.04,0,0,35.04,BID,400.0,0,100,0,99987.0,-13.0,99987.0,2.0,0.008,4.999,0.0,0.005,0.0,0.0,0.0,0,0.024,5.012
126,QUOTE_BID,0,35.02,35.04,35.02,35.04,35.02,35.04,1,0,35.01,ASK,1900.0,0,0,0,99987.0,-13.0,99987.0,0.0,0.0,0.0,0.0,0.0,0.0,0.0,0.0,0,0.0,0.0
127,QUOTE_BOTH,2,35.02,35.04,35.02,35.04,35.02,35.04,1,1,35.01,ASK,800.0,0,0,0,99987.0,-13.0,99987.0,0.0,0.0,0.0,0.0,0.0,0.0,0.0,0.0,0,0.0,0.0
128,QUOTE_ASK,1,35.02,35.04,35.0,35.04,35.02,35.04,0,1,,,,0,0,0,99987.0,-13.0,99987.0,0.0,0.0,0.0,0.0,0.0,0.0,0.0,0.0,0,0.0,0.0
129,QUOTE_BOTH,2,35.0,35.04,35.0,35.04,35.0,35.02,1,1,35.04,BID,700.0,0,0,0,99987.0,-13.0,99987.0,0.0,0.0,0.0,0.0,0.0,0.0,0.0,0.0,0,0.0,0.0
130,QUOTE_BOTH,2,35.0,35.04,35.0,35.04,35.0,35.02,1,1,35.04,BID,1700.0,0,0,0,99987.0,-13.0,99987.0,0.0,0.0,0.0,0.0,0.0,0.0,0.0,0.0,0,0.0,0.0
131,NO_QUOTE,3,35.0,35.04,35.0,35.04,35.0,35.02,0,0,35.04,BID,1400.0,0,0,0,99987.0,-13.0,99987.0,0.0,0.0,0.0,0.0,0.0,0.0,0.0,0.05,1,0.0,-0.05
132,QUOTE_ASK,1,35.0,35.04,35.0,35.04,35.0,35.02,0,1,35.05,BID,1900.0,0,0,0,99987.0,-13.0,99987.0,0.0,0.0,0.0,0.0,0.0,0.0,0.0,0.0,0,0.0,0.0
133,QUOTE_ASK,1,35.0,35.04,35.0,35.04,35.0,35.02,0,1,35.06,BID,200.0,0,0,0,99987.0,-13.0,99987.0,0.0,0.0,0.0,0.0,0.0,0.0,0.0,0.0,0,0.0,0.0
134,QUOTE_BID,0,35.0,35.04,35.0,35.04,35.0,35.02,1,0,35.06,BID,2400.0,0,0,0,99987.0,-13.0,99987.0,0.0,0.0,0.0,0.0,0.0,0.0,0.0,0.0,0,0.0,0.0
135,QUOTE_BOTH,2,35.0,35.04,35.0,35.04,35.0,35.02,1,1,35.07,BID,200.0,0,0,0,99987.0,-13.0,99987.0,0.0,0.0,0.0,0.0,0.0,0.0,0.0,0.0,0,0.0,0.0
136,QUOTE_BID,0,35.0,35.04,35.0,35.04,35.0,35.02,1,0,35.07,BID,2500.0,0,0,0,99987.0,-13.0,99987.0,0.0,0.0,0.0,0.0,0.0,0.0,0.0,0.0,0,0.0,0.0
137,NO_QUOTE,3,35.0,35.04,35.0,35.04,35.0,35.02,0,0,35.08,BID,1400.0,0,0,0,99987.0,-13.0,99987.0,0.0,0.0,0.0,0.0,0.0,0.0,0.0,0.05,1,0.0,-0.05
138,QUOTE_BID,0,35.0,35.04,35.0,35.04,35.0,35.02,1,0,35.08,BID,2500.0,0,0,0,99987.0,-13.0,99987.0,0.0,0.0,0.0,0.0,0.0,0.0,0.0,0.0,0,0.0,0.0
139,NO_QUOTE,3,35.0,35.04,35.0,35.04,35.0,35.02,0,0,35.08,BID,200.0,0,0,0,99987.0,-13.0,99987.0,0.0,0.0,0.0,0.0,0.0,0.0,0.0,0.05,1,0.0,-0.05
140,QUOTE_BOTH,2,35.0,35.04,35.0,35.04,35.0,35.02,1,1,35.09,BID,1200.0,0,0,0,99987.0,-13.0,99987.0,0.0,0.0,0.0,0.0,0.0,0.0,0.0,0.0,0,0.0,0.0
141,QUOTE_BID,0,35.0,35.04,35.0,35.04,35.0,35.02,1,0,35.09,BID,200.0,0,0,0,99987.0,-13.0,99987.0,0.0,0.0,0.0,0.0,0.0,0.0,0.0,0.0,0,0.0,0.0
142,QUOTE_ASK,1,35.0,35.04,35.0,35.04,35.0,35.02,0,1,35.09,BID,2500.0,0,0,0,99987.0,-13.0,99987.0,0.0,0.0,0.0,0.0,0.0,0.0,0.0,0.0,0,0.0,0.0
143,QUOTE_BID,0,35.0,35.04,35.0,35.04,35.0,35.02,1,0,35.09,BID,100.0,0,0,0,99987.0,-13.0,99987.0,0.0,0.0,0.0,0.0,0.0,0.0,0.0,0.0,0,0.0,0.0
144,QUOTE_BOTH,2,35.0,35.04,35.0,35.04,35.0,35.02,1,1,35.1,BID,3000.0,0,0,0,99987.0,-13.0,99987.0,0.0,0.0,0.0,0.0,0.0,0.0,0.0,0.0,0,0.0,0.0
145,QUOTE_BOTH,2,35.0,35.04,35.0,35.04,35.0,35.02,1,1,35.1,BID,100.0,0,0,0,99987.0,-13.0,99987.0,0.0,0.0,0.0,0.0,0.0,0.0,0.0,0.0,0,0.0,0.0
146,QUOTE_BOTH,2,35.0,35.04,35.0,35.04,35.0,35.02,1,1,35.1,BID,200.0,0,0,0,99987.0,-13.0,99987.0,0.0,0.0,0.0,0.0,0.0,0.0,0.0,0.0,0,0.0,0.0
147,QUOTE_BOTH,2,35.0,35.04,35.0,35.04,35.0,35.02,1,1,35.1,BID,2500.0,0,0,0,99987.0,-13.0,99987.0,0.0,0.0,0.0,0.0,0.0,0.0,0.0,0.0,0,0.0,0.0
148,NO_QUOTE,3,35.0,35.04,35.0,35.04,35.0,35.02,0,0,35.11,BID,100.0,0,0,0,99987.0,-13.0,99987.0,0.0,0.0,0.0,0.0,0.0,0.0,0.0,0.05,1,0.0,-0.05
149,NO_QUOTE,3,35.0,35.04,35.0,35.04,35.0,35.02,0,0,35.11,BID,300.0,0,0,0,99987.0,-13.0,99987.0,0.0,0.0,0.0,0.0,0.0,0.0,0.0,0.1,2,0.0,-0.1
150,QUOTE_BID,0,35.0,35.04,35.0,35.11,35.0,35.02,1,0,,,,0,0,0,99987.0,-13.0,99987.0,0.0,0.0,0.0,0.0,0.0,0.0,0.0,0.0,0,0.0,0.0
151,QUOTE_ASK,1,35.0,35.11,35.01,35.11,35.04,35.06,0,1,,,,0,0,0,99987.0,-13.0,99987.0,0.0,0.0,0.0,0.0,0.0,0.01,0.0,0.0,0,0.0,0.01
152,QUOTE_ASK,1,35.01,35.11,35.01,35.07,35.05,35.07,0,1,,,,0,0,0,99987.0,-13.0,99987.0,0.0,0.0,0.0,0.0,0.0,0.0,0.0,0.0,0,0.0,0.0
153,NO_QUOTE,3,35.01,35.07,35.01,35.06,35.03,35.05,0,0,,,,0,0,0,99987.0,-13.0,99987.0,0.0,0.0,0.0,0.0,0.0,0.0,0.0,0.05,1,0.0,-0.05
154,NO_QUOTE,3,35.01,35.06,35.0,35.05,35.02,35.04,0,0,,,,0,0,0,99987.0,-13.0,99987.0,0.0,0.0,0.0,0.0,0.0,0.0,0.0,0.1,2,0.0,-0.1
155,QUOTE_ASK,1,35.0,35.05,35.0,35.05,35.01,35.03,0,1,35.01,ASK,3500.0,0,0,0,99987.0,-13.0,99987.0,0.0,0.0,0.0,0.0,0.0,0.0,0.0,0.0,0,0.0,0.0
156,QUOTE_BID,0,35.0,35.05,35.0,35.03,35.01,35.03,1,0,,,,0,0,0,99987.0,-13.0,99987.0,0.0,0.0,0.0,0.0,0.0,0.01,0.0,0.0,0,0.0,0.01
157,NO_QUOTE,3,35.0,35.03,35.0,35.03,35.0,35.02,0,0,35.02,ASK,500.0,0,0,0,99987.0,-13.0,99987.0,0.0,0.0,0.0,0.0,0.0,0.0,0.0,0.05,1,0.0,-0.05
158,QUOTE_ASK,1,35.0,35.03,35.0,35.03,35.0,35.02,0,1,35.01,ASK,700.0,0,0,0,99987.0,-13.0,99987.0,0.0,0.0,0.0,0.0,0.0,0.0,0.0,0.0,0,0.0,0.0
159,NO_QUOTE,3,35.0,35.03,35.0,35.03,35.0,35.02,0,0,35.02,2,100.0,0,0,0,99987.0,-13.0,99987.0,0.0,0.0,0.0,0.0,0.0,0.0,0.0,0.05,1,0.0,-0.05
160,QUOTE_BOTH,2,35.0,35.03,35.0,35.02,35.0,35.02,1,1,,,,0,0,0,99987.0,-13.0,99987.0,0.0,0.0,0.0,0.0,0.0,0.0,0.0,0.0,0,0.0,0.0
161,QUOTE_BID,0,35.0,35.02,35.0,35.01,35.0,35.02,1,0,,,,0,0,0,99987.0,-13.0,99987.0,0.0,0.0,0.0,0.0,0.0,0.0,0.0,0.0,0,0.0,0.0
162,QUOTE_BOTH,2,35.0,35.01,35.0,35.01,34.99,35.01,1,1,35.0,ASK,100.0,0,0,0,99987.0,-13.0,99987.0,0.0,0.0,0.0,0.0,0.0,0.0,0.0,0.0,0,0.0,0.0
163,QUOTE_BOTH,2,35.0,35.01,35.0,35.01,34.99,35.01,1,1,35.0,ASK,200.0,0,0,0,99987.0,-13.0,99987.0,0.0,0.0,0.0,0.0,0.0,0.0,0.0,0.0,0,0.0,0.0
164,NO_QUOTE,3,35.0,35.01,35.0,35.01,34.99,35.01,0,0,35.0,ASK,700.0,0,0,0,99987.0,-13.0,99987.0,0.0,0.0,0.0,0.0,0.0,0.0,0.0,0.05,1,0.0,-0.05
165,QUOTE_BID,0,35.0,35.01,35.0,35.01,34.99,35.01,1,0,35.0,ASK,500.0,0,0,0,99987.0,-13.0,99987.0,0.0,0.0,0.0,0.0,0.0,0.0,0.0,0.0,0,0.0,0.0
166,QUOTE_BOTH,2,35.0,35.01,35.0,35.01,34.99,35.01,1,1,35.0,ASK,1000.0,0,0,0,99987.0,-13.0,99987.0,0.0,0.0,0.0,0.0,0.0,0.0,0.0,0.0,0,0.0,0.0
167,NO_QUOTE,3,35.0,35.01,35.0,35.01,34.99,35.01,0,0,35.0,ASK,600.0,0,0,0,99987.0,-13.0,99987.0,0.0,0.0,0.0,0.0,0.0,0.0,0.0,0.05,1,0.0,-0.05
168,QUOTE_ASK,1,35.0,35.01,35.0,35.01,34.99,35.01,0,1,35.0,ASK,300.0,0,0,0,99987.0,-13.0,99987.0,0.0,0.0,0.0,0.0,0.0,0.0,0.0,0.0,0,0.0,0.0
169,QUOTE_BID,0,35.0,35.01,35.0,35.01,34.99,35.01,1,0,35.0,ASK,3000.0,0,0,0,99987.0,-13.0,99987.0,0.0,0.0,0.0,0.0,0.0,0.0,0.0,0.0,0,0.0,0.0
170,QUOTE_BID,0,35.0,35.01,35.0,35.01,34.99,35.01,1,0,35.0,ASK,2000.0,0,0,0,99987.0,-13.0,99987.0,0.0,0.0,0.0,0.0,0.0,0.0,0.0,0.0,0,0.0,0.0
171,QUOTE_BOTH,2,35.0,35.01,35.0,35.01,34.99,35.01,1,1,35.0,ASK,1500.0,0,0,0,99987.0,-13.0,99987.0,0.0,0.0,0.0,0.0,0.0,0.0,0.0,0.0,0,0.0,0.0
172,QUOTE_BOTH,2,35.0,35.01,35.0,35.01,34.99,35.01,1,1,35.0,ASK,400.0,0,0,0,99987.0,-13.0,99987.0,0.0,0.0,0.0,0.0,0.0,0.0,0.0,0.0,0,0.0,0.0
173,QUOTE_BID,0,35.0,35.01,35.0,35.01,34.99,35.01,1,0,35.0,ASK,3800.0,0,0,0,99987.0,-13.0,99987.0,0.0,0.0,0.0,0.0,0.0,0.0,0.0,0.0,0,0.0,0.0
174,QUOTE_BOTH,2,35.0,35.01,35.0,35.01,34.99,35.01,1,1,35.0,ASK,55500.0,0,0,0,99987.0,-13.0,99987.0,0.0,0.0,0.0,0.0,0.0,0.0,0.0,0.0,0,0.0,0.0
175,QUOTE_BOTH,2,35.0,35.01,35.0,35.01,34.99,35.01,1,1,35.0,ASK,1100.0,0,0,0,99987.0,-13.0,99987.0,0.0,0.0,0.0,0.0,0.0,0.0,0.0,0.0,0,0.0,0.0
176,NO_QUOTE,3,35.0,35.01,35.0,35.01,34.99,35.01,0,0,35.0,ASK,40000.0,0,0,0,99987.0,-13.0,99987.0,0.0,0.0,0.0,0.0,0.0,0.0,0.0,0.05,1,0.0,-0.05
177,QUOTE_BID,0,35.0,35.01,35.0,35.01,34.99,35.01,1,0,35.0,ASK,2500.0,0,0,0,99987.0,-13.0,99987.0,0.0,0.0,0.0,0.0,0.0,0.0,0.0,0.0,0,0.0,0.0
178,NO_QUOTE,3,35.0,35.01,35.0,35.01,34.99,35.01,0,0,35.0,ASK,6500.0,0,0,0,99987.0,-13.0,99987.0,0.0,0.0,0.0,0.0,0.0,0.0,0.0,0.05,1,0.0,-0.05
179,QUOTE_BOTH,2,35.0,35.01,35.0,35.01,34.99,35.01,1,1,35.0,ASK,800.0,0,0,0,99987.0,-13.0,99987.0,0.0,0.0,0.0,0.0,0.0,0.0,0.0,0.0,0,0.0,0.0
180,QUOTE_ASK,1,35.0,35.01,34.99,35.01,34.99,35.01,0,1,,,,0,0,0,99987.0,-13.0,99987.0,0.0,0.0,0.0,0.0,0.0,0.0,0.0,0.0,0,0.0,0.0
181,QUOTE_BID,0,34.99,35.01,34.99,35.01,34.99,35.01,0,0,34.99,ASK,100.0,100,0,100,96488.0,-13.0,99987.0,0.0,0.0,4.999,0.2,0.0,0.0,0.0,0.0,0,0.023,4.799
182,QUOTE_ASK,1,34.99,35.01,34.99,35.01,34.99,35.01,0,1,34.99,ASK,400.0,0,0,100,96488.0,-13.0,99987.0,0.0,0.0,0.0,0.2,0.005,0.0,0.0,0.0,0,0.0,-0.195
183,NO_QUOTE,3,34.99,35.01,34.99,35.01,34.99,35.01,0,0,34.99,ASK,300.0,0,0,100,96488.0,-13.0,99987.0,0.0,0.0,0.0,0.2,0.0,0.0,0.005,0.05,1,-0.001,-0.255
184,QUOTE_ASK,1,34.99,35.01,34.99,35.01,34.99,35.01,0,1,34.99,ASK,200.0,0,0,100,96488.0,-13.0,99987.0,0.0,0.0,0.0,0.2,0.005,0.0,0.0,0.0,0,0.0,-0.195
185,QUOTE_BID,0,34.99,35.01,34.98,35.01,34.99,35.01,1,0,,,,0,0,100,96488.0,-14.0,99986.0,-1.0,-0.005,0.0,0.2,0.0,0.0,0.0,0.0,0,-0.001,-0.205
186,QUOTE_ASK,1,34.98,35.01,34.98,35.01,34.98,35.0,0,1,35.01,BID,700.0,0,0,100,96488.0,-14.0,99986.0,0.0,0.0,0.0,0.2,0.005,0.0,0.0,0.0,0,0.0,-0.195
187,NO_QUOTE,3,34.98,35.01,34.98,35.01,34.98,35.0,0,0,35.01,BID,100.0,0,0,100,96488.0,-14.0,99986.0,0.0,0.0,0.0,0.2,0.0,0.0,0.005,0.05,1,-0.001,-0.255
188,QUOTE_ASK,1,34.98,35.01,34.98,35.01,34.98,35.0,0,1,34.98,ASK,300.0,0,0,100,96488.0,-14.0,99986.0,0.0,0.0,0.0,0.2,0.005,0.0,0.0,0.0,0,0.0,-0.195
189,QUOTE_ASK,1,34.98,35.01,34.98,35.01,34.98,35.0,0,1,34.98,ASK,200.0,0,0,100,96488.0,-14.0,99986.0,0.0,0.0,0.0,0.2,0.005,0.0,0.0,0.0,0,0.0,-0.195
190,NO_QUOTE,3,34.98,35.01,34.98,35.01,34.98,35.0,0,0,34.98,ASK,800.0,0,0,100,96488.0,-14.0,99986.0,0.0,0.0,0.0,0.2,0.0,0.0,0.005,0.05,1,-0.001,-0.255
191,QUOTE_ASK,1,34.98,35.01,34.98,35.01,34.98,35.0,0,1,34.98,ASK,100.0,0,0,100,96488.0,-14.0,99986.0,0.0,0.0,0.0,0.2,0.005,0.0,0.0,0.0,0,0.0,-0.195
192,NO_QUOTE,3,34.98,35.01,34.98,35.01,34.98,35.0,0,0,34.98,ASK,400.0,0,0,100,96488.0,-14.0,99986.0,0.0,0.0,0.0,0.2,0.0,0.0,0.005,0.05,1,-0.001,-0.255
193,NO_QUOTE,3,34.98,35.01,34.98,35.01,34.98,35.0,0,0,34.98,ASK,2000.0,0,0,100,96488.0,-14.0,99986.0,0.0,0.0,0.0,0.2,0.0,0.0,0.005,0.1,2,-0.001,-0.305
194,QUOTE_ASK,1,34.98,35.01,34.98,35.01,34.98,35.0,0,1,34.97,ASK,700.0,0,0,100,96488.0,-14.0,99986.0,0.0,0.0,0.0,0.2,0.005,0.0,0.0,0.0,0,0.0,-0.195
195,QUOTE_ASK,1,34.98,35.01,34.97,35.01,34.98,35.0,0,1,,,,0,0,100,96488.0,-15.0,99985.0,-1.0,-0.005,0.0,0.2,0.005,0.0,0.0,0.0,0,0.0,-0.2
196,NO_QUOTE,3,34.97,35.01,34.97,35.01,34.97,34.99,0,0,34.97,ASK,100.0,0,0,100,96488.0,-15.0,99985.0,0.0,0.0,0.0,0.2,0.0,0.0,0.005,0.05,1,-0.001,-0.255
197,QUOTE_BID,0,34.97,35.01,34.98,35.0,34.97,34.99,1,0,,,,0,0,100,96488.0,-14.0,99986.0,1.0,0.004,0.0,0.2,0.0,0.0,0.0,0.0,0,0.0,-0.196
198,QUOTE_ASK,1,34.98,35.0,34.97,35.0,34.98,35.0,0,1,,,,0,0,100,96488.0,-15.0,99985.0,-1.0,-0.005,0.0,0.2,0.005,0.0,0.0,0.0,0,0.0,-0.2
199,NO_QUOTE,3,34.97,35.0,34.97,35.0,34.97,34.99,0,0,35.0,BID,100.0,0,0,100,96488.0,-15.0,99985.0,0.0,0.0,0.0,0.2,0.0,0.0,0.005,0.05,1,-0.001,-0.255
200,QUOTE_ASK,1,34.97,35.0,34.97,35.0,34.97,34.99,0,1,35.0,BID,1200.0,0,0,100,96488.0,-15.0,99985.0,0.0,0.0,0.0,0.2,0.005,0.0,0.0,0.0,0,0.0,-0.195
201,QUOTE_ASK,1,34.97,35.0,34.97,35.0,34.97,34.99,0,1,34.98,ASK,1600.0,0,0,100,96488.0,-15.0,99985.0,0.0,0.0,0.0,0.2,0.005,0.0,0.0,0.0,0,0.0,-0.195
202,QUOTE_ASK,1,34.97,35.0,34.97,35.0,34.97,34.99,0,1,34.98,ASK,900.0,0,0,100,96488.0,-15.0,99985.0,0.0,0.0,0.0,0.2,0.005,0.0,0.0,0.0,0,0.0,-0.195
203,QUOTE_ASK,1,34.97,35.0,34.97,35.0,34.97,34.99,0,1,34.97,ASK,200.0,0,0,100,96488.0,-15.0,99985.0,0.0,0.0,0.0,0.2,0.005,0.0,0.0,0.0,0,0.0,-0.195
204,NO_QUOTE,3,34.97,35.0,34.97,35.0,34.97,34.99,0,0,34.97,ASK,2400.0,0,0,100,96488.0,-15.0,99985.0,0.0,0.0,0.0,0.2,0.0,0.0,0.005,0.05,1,-0.001,-0.255
205,QUOTE_ASK,1,34.97,35.0,34.97,35.0,34.97,34.99,0,1,34.97,ASK,800.0,0,0,100,96488.0,-15.0,99985.0,0.0,0.0,0.0,0.2,0.005,0.0,0.0,0.0,0,0.0,-0.195
206,QUOTE_ASK,1,34.97,35.0,34.97,35.0,34.97,34.99,0,1,34.96,ASK,1000.0,0,0,100,96488.0,-15.0,99985.0,0.0,0.0,0.0,0.2,0.005,0.0,0.0,0.0,0,0.0,-0.195
207,QUOTE_ASK,1,34.97,35.0,34.97,35.0,34.97,34.99,0,1,34.96,ASK,200.0,0,0,100,96488.0,-15.0,99985.0,0.0,0.0,0.0,0.2,0.005,0.0,0.0,0.0,0,0.0,-0.195
208,NO_QUOTE,3,34.97,35.0,34.97,35.0,34.97,34.99,0,0,34.96,ASK,100.0,0,0,100,96488.0,-15.0,99985.0,0.0,0.0,0.0,0.2,0.0,0.0,0.005,0.05,1,-0.001,-0.255
209,QUOTE_ASK,1,34.97,35.0,34.97,35.0,34.97,34.99,0,1,34.96,ASK,800.0,0,0,100,96488.0,-15.0,99985.0,0.0,0.0,0.0,0.2,0.005,0.0,0.0,0.0,0,0.0,-0.195
210,QUOTE_ASK,1,34.97,35.0,34.97,35.0,34.97,34.99,0,1,34.96,ASK,2500.0,0,0,100,96488.0,-15.0,99985.0,0.0,0.0,0.0,0.2,0.005,0.0,0.0,0.0,0,0.0,-0.195
211,QUOTE_ASK,1,34.97,35.0,34.97,35.0,34.97,34.99,0,1,34.95,ASK,200.0,0,0,100,96488.0,-15.0,99985.0,0.0,0.0,0.0,0.2,0.005,0.0,0.0,0.0,0,0.0,-0.195
212,QUOTE_ASK,1,34.97,35.0,34.97,35.0,34.97,34.99,0,1,34.95,ASK,300.0,0,0,100,96488.0,-15.0,99985.0,0.0,0.0,0.0,0.2,0.005,0.0,0.0,0.0,0,0.0,-0.195
213,QUOTE_BOTH,2,34.97,35.0,34.97,35.0,34.97,34.99,1,1,34.95,ASK,100.0,0,0,100,96488.0,-15.0,99985.0,0.0,0.0,0.0,0.2,0.005,0.0,0.0,0.0,0,0.0,-0.195
214,NO_QUOTE,3,34.97,35.0,34.97,35.0,34.97,34.99,0,0,34.95,ASK,500.0,0,0,100,96488.0,-15.0,99985.0,0.0,0.0,0.0,0.2,0.0,0.0,0.005,0.05,1,-0.001,-0.255
215,QUOTE_ASK,1,34.97,35.0,34.97,35.0,34.97,34.99,0,1,34.95,ASK,1000.0,0,0,100,96488.0,-15.0,99985.0,0.0,0.0,0.0,0.2,0.005,0.0,0.0,0.0,0,0.0,-0.195
216,QUOTE_ASK,1,34.97,35.0,34.95,35.0,34.97,34.99,0,1,,,,0,0,100,96488.0,-17.0,99983.0,-2.0,-0.01,0.0,0.2,0.005,0.0,0.0,0.0,0,-0.001,-0.205
217,QUOTE_ASK,1,34.95,35.0,34.95,35.0,34.96,34.98,0,1,34.95,ASK,1500.0,0,0,100,96488.0,-17.0,99983.0,0.0,0.0,0.0,0.2,0.005,0.0,0.0,0.0,0,0.0,-0.195
218,NO_QUOTE,3,34.95,35.0,34.95,34.99,34.96,34.98,0,0,,,,0,0,100,96488.0,-17.0,99983.0,0.0,0.0,0.0,0.2,0.0,0.0,0.005,0.05,1,-0.001,-0.255
219,QUOTE_ASK,1,34.95,34.99,34.95,34.98,34.96,34.98,0,1,,,,0,0,100,96488.0,-17.0,99983.0,0.0,0.0,0.0,0.2,0.005,0.0,0.0,0.0,0,0.0,-0.195
220,QUOTE_ASK,1,34.95,34.98,34.95,34.98,34.95,34.97,0,1,34.98,BID,200.0,0,0,100,96488.0,-17.0,99983.0,0.0,0.0,0.0,0.2,0.005,0.0,0.0,0.0,0,0.0,-0.195
221,QUOTE_ASK,1,34.95,34.98,34.95,34.98,34.95,34.97,0,1,34.98,BID,1800.0,0,0,100,96488.0,-17.0,99983.0,0.0,0.0,0.0,0.2,0.005,0.0,0.0,0.0,0,0.0,-0.195
222,QUOTE_ASK,1,34.95,34.98,34.95,34.98,34.95,34.97,0,1,34.98,BID,100.0,0,0,100,96488.0,-17.0,99983.0,0.0,0.0,0.0,0.2,0.005,0.0,0.0,0.0,0,0.0,-0.195
223,QUOTE_ASK,1,34.95,34.98,34.95,34.98,34.95,34.97,0,1,34.95,ASK,700.0,0,0,100,96488.0,-17.0,99983.0,0.0,0.0,0.0,0.2,0.005,0.0,0.0,0.0,0,0.0,-0.195
224,QUOTE_ASK,1,34.95,34.98,34.95,34.98,34.95,34.97,0,1,34.95,ASK,900.0,0,0,100,96488.0,-17.0,99983.0,0.0,0.0,0.0,0.2,0.005,0.0,0.0,0.0,0,0.0,-0.195
225,QUOTE_ASK,1,34.95,34.98,34.96,34.98,34.95,34.97,0,1,,,,0,0,100,96488.0,-16.0,99984.0,1.0,0.004,0.0,0.2,0.005,0.0,0.0,0.0,0,0.0,-0.191
226,QUOTE_ASK,1,34.96,34.98,34.96,34.98,34.96,34.98,0,1,34.96,ASK,1500.0,0,0,100,96488.0,-16.0,99984.0,0.0,0.0,0.0,0.2,0.005,0.0,0.0,0.0,0,0.0,-0.195
227,QUOTE_ASK,1,34.96,34.98,34.96,34.98,34.96,34.98,0,0,34.98,BID,1000.0,0,100,0,99986.0,-14.0,99986.0,2.0,0.008,5.0,0.0,0.005,0.0,0.0,0.0,0,0.024,5.013
228,QUOTE_BID,0,34.96,34.98,34.96,34.98,34.96,34.98,1,0,34.98,BID,1400.0,0,0,0,99986.0,-14.0,99986.0,0.0,0.0,0.0,0.0,0.0,0.0,0.0,0.0,0,0.0,0.0
229,NO_QUOTE,3,34.96,34.98,34.96,34.98,34.96,34.98,0,0,34.98,BID,2000.0,0,0,0,99986.0,-14.0,99986.0,0.0,0.0,0.0,0.0,0.0,0.0,0.0,0.05,1,0.0,-0.05
230,QUOTE_BOTH,2,34.96,34.98,34.96,34.98,34.96,34.98,1,1,34.97,2,100.0,0,0,0,99986.0,-14.0,99986.0,0.0,0.0,0.0,0.0,0.0,0.0,0.0,0.0,0,0.0,0.0
231,QUOTE_BID,0,34.96,34.98,34.96,34.98,34.96,34.98,1,0,34.95,ASK,800.0,0,0,0,99986.0,-14.0,99986.0,0.0,0.0,0.0,0.0,0.0,0.0,0.0,0.0,0,0.0,0.0
232,QUOTE_BID,0,34.96,34.98,34.96,34.98,34.96,34.98,1,0,34.95,ASK,1400.0,0,0,0,99986.0,-14.0,99986.0,0.0,0.0,0.0,0.0,0.0,0.0,0.0,0.0,0,0.0,0.0
233,QUOTE_BID,0,34.96,34.98,34.94,34.98,34.96,34.98,1,0,,,,0,0,0,99986.0,-14.0,99986.0,0.0,0.0,0.0,0.0,0.0,0.0,0.0,0.0,0,0.0,0.0
234,QUOTE_BID,0,34.94,34.98,34.94,34.98,34.95,34.97,1,0,34.98,BID,6400.0,0,0,0,99986.0,-14.0,99986.0,0.0,0.0,0.0,0.0,0.0,0.0,0.0,0.0,0,0.0,0.0
235,QUOTE_BID,0,34.94,34.98,34.94,34.98,34.95,34.97,1,0,34.98,BID,10200.0,0,0,0,99986.0,-14.0,99986.0,0.0,0.0,0.0,0.0,0.0,0.0,0.0,0.0,0,0.0,0.0
236,QUOTE_BID,0,34.94,34.98,34.94,34.98,34.95,34.97,1,0,34.98,BID,800.0,0,0,0,99986.0,-14.0,99986.0,0.0,0.0,0.0,0.0,0.0,0.0,0.0,0.0,0,0.0,0.0
237,NO_QUOTE,3,34.94,34.98,34.94,34.98,34.95,34.97,0,0,34.98,BID,1700.0,0,0,0,99986.0,-14.0,99986.0,0.0,0.0,0.0,0.0,0.0,0.0,0.0,0.05,1,0.0,-0.05
238,NO_QUOTE,3,34.94,34.98,34.94,34.98,34.95,34.97,0,0,34.99,BID,1700.0,0,0,0,99986.0,-14.0,99986.0,0.0,0.0,0.0,0.0,0.0,0.0,0.0,0.1,2,0.0,-0.1
239,QUOTE_BID,0,34.94,34.98,34.94,34.98,34.95,34.97,1,0,34.99,BID,9900.0,0,0,0,99986.0,-14.0,99986.0,0.0,0.0,0.0,0.0,0.0,0.0,0.0,0.0,0,0.0,0.0
240,QUOTE_ASK,1,34.94,34.98,34.94,34.98,34.95,34.97,0,1,34.99,BID,2500.0,0,0,0,99986.0,-14.0,99986.0,0.0,0.0,0.0,0.0,0.0,0.0,0.0,0.0,0,0.0,0.0
241,QUOTE_BOTH,2,34.94,34.98,34.94,34.98,34.95,34.97,1,1,35.0,BID,200.0,0,0,0,99986.0,-14.0,99986.0,0.0,0.0,0.0,0.0,0.0,0.0,0.0,0.0,0,0.0,0.0
242,QUOTE_BID,0,34.94,34.98,34.94,34.98,34.95,34.97,1,0,35.0,BID,800.0,0,0,0,99986.0,-14.0,99986.0,0.0,0.0,0.0,0.0,0.0,0.0,0.0,0.0,0,0.0,0.0
243,QUOTE_BOTH,2,34.94,34.98,34.94,34.98,34.95,34.97,1,1,35.0,BID,2000.0,0,0,0,99986.0,-14.0,99986.0,0.0,0.0,0.0,0.0,0.0,0.0,0.0,0.0,0,0.0,0.0
244,QUOTE_ASK,1,34.94,34.98,34.95,35.01,34.95,34.97,0,1,,,,0,0,0,99986.0,-14.0,99986.0,0.0,0.0,0.0,0.0,0.0,0.01,0.0,0.0,0,0.0,0.01
245,QUOTE_BID,0,34.95,35.01,34.95,35.01,34.97,34.99,1,0,34.99,BID,5700.0,0,0,0,99986.0,-14.0,99986.0,0.0,0.0,0.0,0.0,0.0,0.0,0.0,0.0,0,0.0,0.0
246,QUOTE_BOTH,2,34.95,35.01,34.95,35.01,34.97,34.99,1,0,34.99,BID,2300.0,0,100,-100,103485.0,-16.0,99984.0,-2.0,-0.01,5.0,0.2,0.0,0.0,0.0,0.0,0,0.023,4.79
247,QUOTE_BID,0,34.95,35.01,34.95,35.01,34.97,34.99,1,0,34.95,ASK,1700.0,0,0,-100,103485.0,-16.0,99984.0,0.0,0.0,0.0,0.2,0.005,0.0,0.0,0.0,0,0.0,-0.195
248,QUOTE_BID,0,34.95,35.01,34.95,35.01,34.97,34.99,1,0,34.95,ASK,2400.0,0,0,-100,103485.0,-16.0,99984.0,0.0,0.0,0.0,0.2,0.005,0.0,0.0,0.0,0,0.0,-0.195
249,QUOTE_BID,0,34.95,35.01,34.94,35.0,34.97,34.99,1,0,,,,0,0,-100,103485.0,-15.0,99985.0,1.0,0.004,0.0,0.2,0.005,0.0,0.0,0.0,0,0.0,-0.191
250,QUOTE_BID,0,34.94,35.0,34.94,34.99,34.96,34.98,1,0,,,,0,0,-100,103485.0,-14.0,99986.0,1.0,0.004,0.0,0.2,0.005,0.0,0.0,0.0,0,0.0,-0.191
251,QUOTE_BID,0,34.94,34.99,34.94,34.99,34.95,34.97,1,0,34.99,BID,100.0,0,0,-100,103485.0,-14.0,99986.0,0.0,0.0,0.0,0.2,0.005,0.0,0.0,0.0,0,0.0,-0.195
252,QUOTE_BID,0,34.94,34.99,34.94,34.99,34.95,34.97,1,0,35.0,BID,1000.0,0,0,-100,103485.0,-14.0,99986.0,0.0,0.0,0.0,0.2,0.005,0.0,0.0,0.0,0,0.0,-0.195
253,QUOTE_BID,0,34.94,34.99,34.94,34.99,34.95,34.97,1,0,35.0,BID,700.0,0,0,-100,103485.0,-14.0,99986.0,0.0,0.0,0.0,0.2,0.005,0.0,0.0,0.0,0,0.0,-0.195
254,QUOTE_BID,0,34.94,34.99,34.94,34.99,34.95,34.97,1,0,35.0,BID,300.0,0,0,-100,103485.0,-14.0,99986.0,0.0,0.0,0.0,0.2,0.005,0.0,0.0,0.0,0,0.0,-0.195
255,QUOTE_BOTH,2,34.94,34.99,34.96,35.0,34.95,34.97,1,1,,,,0,0,-100,103485.0,-15.0,99985.0,-1.0,-0.005,0.0,0.2,0.005,0.01,0.0,0.0,0,0.0,-0.19
256,QUOTE_BID,0,34.96,35.0,34.96,34.99,34.97,34.99,1,0,,,,0,0,-100,103485.0,-14.0,99986.0,1.0,0.004,0.0,0.2,0.005,0.0,0.0,0.0,0,0.0,-0.191
257,QUOTE_BID,0,34.96,34.99,34.96,34.99,34.96,34.98,1,0,34.99,BID,900.0,0,0,-100,103485.0,-14.0,99986.0,0.0,0.0,0.0,0.2,0.005,0.0,0.0,0.0,0,0.0,-0.195
258,QUOTE_BID,0,34.96,34.99,34.96,34.99,34.96,34.98,0,0,34.96,ASK,1800.0,100,0,0,99989.0,-11.0,99989.0,3.0,0.012000000000000002,4.999,0.0,0.005,0.0,0.0,0.0,0,0.024,5.016
259,QUOTE_BOTH,2,34.96,34.99,34.95,34.97,34.96,34.98,1,1,,,,0,0,0,99989.0,-11.0,99989.0,0.0,0.0,0.0,0.0,0.0,0.0,0.0,0.0,0,0.0,0.0
260,NO_QUOTE,3,34.95,34.97,34.95,34.97,34.95,34.97,0,0,34.97,BID,100.0,0,0,0,99989.0,-11.0,99989.0,0.0,0.0,0.0,0.0,0.0,0.0,0.0,0.05,1,0.0,-0.05
261,QUOTE_BOTH,2,34.95,34.97,34.96,34.97,34.95,34.97,1,1,,,,0,0,0,99989.0,-11.0,99989.0,0.0,0.0,0.0,0.0,0.0,0.0,0.0,0.0,0,0.0,0.0
262,NO_QUOTE,3,34.96,34.97,34.96,34.97,34.95,34.97,0,0,34.97,BID,200.0,0,0,0,99989.0,-11.0,99989.0,0.0,0.0,0.0,0.0,0.0,0.0,0.0,0.05,1,0.0,-0.05
263,QUOTE_BOTH,2,34.96,34.97,34.96,35.01,34.95,34.97,1,1,,,,0,0,0,99989.0,-11.0,99989.0,0.0,0.0,0.0,0.0,0.0,0.01,0.0,0.0,0,0.0,0.01
264,QUOTE_BOTH,2,34.96,35.01,34.96,35.01,34.97,34.99,1,1,34.95,ASK,2500.0,0,0,0,99989.0,-11.0,99989.0,0.0,0.0,0.0,0.0,0.0,0.0,0.0,0.0,0,0.0,0.0
265,QUOTE_BID,0,34.96,35.01,34.94,35.01,34.97,34.99,1,0,,,,0,0,0,99989.0,-11.0,99989.0,0.0,0.0,0.0,0.0,0.0,0.0,0.0,0.0,0,0.0,0.0
266,NO_QUOTE,3,34.94,35.01,34.94,35.01,34.96,34.98,0,0,34.94,ASK,100.0,0,0,0,99989.0,-11.0,99989.0,0.0,0.0,0.0,0.0,0.0,0.0,0.0,0.05,1,0.0,-0.05
267,QUOTE_BOTH,2,34.94,35.01,34.94,35.01,34.96,34.98,1,1,34.94,ASK,2500.0,0,0,0,99989.0,-11.0,99989.0,0.0,0.0,0.0,0.0,0.0,0.0,0.0,0.0,0,0.0,0.0
268,QUOTE_BID,0,34.94,35.01,34.94,35.01,34.96,34.98,1,0,34.94,ASK,800.0,0,0,0,99989.0,-11.0,99989.0,0.0,0.0,0.0,0.0,0.0,0.0,0.0,0.0,0,0.0,0.0
269,QUOTE_BID,0,34.94,35.01,34.94,35.01,34.96,34.98,1,0,34.94,ASK,400.0,0,0,0,99989.0,-11.0,99989.0,0.0,0.0,0.0,0.0,0.0,0.0,0.0,0.0,0,0.0,0.0
270,QUOTE_ASK,1,34.94,35.01,34.94,35.01,34.96,34.98,0,1,34.93,ASK,100.0,0,0,0,99989.0,-11.0,99989.0,0.0,0.0,0.0,0.0,0.0,0.0,0.0,0.0,0,0.0,0.0
271,QUOTE_BID,0,34.94,35.01,34.94,35.01,34.96,34.98,1,0,34.93,ASK,200.0,0,0,0,99989.0,-11.0,99989.0,0.0,0.0,0.0,0.0,0.0,0.0,0.0,0.0,0,0.0,0.0
272,NO_QUOTE,3,34.94,35.01,34.94,35.01,34.96,34.98,0,0,34.93,ASK,2400.0,0,0,0,99989.0,-11.0,99989.0,0.0,0.0,0.0,0.0,0.0,0.0,0.0,0.05,1,0.0,-0.05
273,NO_QUOTE,3,34.94,35.01,34.94,35.01,34.96,34.98,0,0,34.92,ASK,200.0,0,0,0,99989.0,-11.0,99989.0,0.0,0.0,0.0,0.0,0.0,0.0,0.0,0.1,2,0.0,-0.1
274,QUOTE_BID,0,34.94,35.01,34.94,35.01,34.96,34.98,1,0,34.92,ASK,100.0,0,0,0,99989.0,-11.0,99989.0,0.0,0.0,0.0,0.0,0.0,0.0,0.0,0.0,0,0.0,0.0
275,NO_QUOTE,3,34.94,35.01,34.94,35.01,34.96,34.98,0,0,34.92,ASK,2500.0,0,0,0,99989.0,-11.0,99989.0,0.0,0.0,0.0,0.0,0.0,0.0,0.0,0.05,1,0.0,-0.05
276,NO_QUOTE,3,34.94,35.01,34.94,35.01,34.96,34.98,0,0,34.92,ASK,600.0,0,0,0,99989.0,-11.0,99989.0,0.0,0.0,0.0,0.0,0.0,0.0,0.0,0.1,2,0.0,-0.1
277,NO_QUOTE,3,34.94,35.01,34.94,35.01,34.96,34.98,0,0,34.92,ASK,500.0,0,0,0,99989.0,-11.0,99989.0,0.0,0.0,0.0,0.0,0.0,0.0,0.0,0.15,3,0.0,-0.15
278,NO_QUOTE,3,34.94,35.01,34.92,34.99,34.96,34.98,0,0,,,,0,0,0,99989.0,-11.0,99989.0,0.0,0.0,0.0,0.0,0.0,0.0,0.0,0.2,4,0.0,-0.2
279,QUOTE_BOTH,2,34.92,34.99,34.92,34.99,34.94,34.96,1,1,34.91,ASK,100.0,0,0,0,99989.0,-11.0,99989.0,0.0,0.0,0.0,0.0,0.0,0.0,0.0,0.0,0,0.0,0.0
280,NO_QUOTE,3,34.92,34.99,34.91,34.99,34.94,34.96,0,0,,,,0,0,0,99989.0,-11.0,99989.0,0.0,0.0,0.0,0.0,0.0,0.0,0.0,0.05,1,0.0,-0.05
281,QUOTE_BOTH,2,34.91,34.99,34.91,34.98,34.94,34.96,1,1,,,,0,0,0,99989.0,-11.0,99989.0,0.0,0.0,0.0,0.0,0.0,0.01,0.0,0.0,0,0.0,0.01
282,QUOTE_BOTH,2,34.91,34.98,34.91,34.97,34.93,34.95,1,1,,,,0,0,0,99989.0,-11.0,99989.0,0.0,0.0,0.0,0.0,0.0,0.0,0.0,0.0,0,0.0,0.0
283,QUOTE_BID,0,34.91,34.97,34.91,34.96,34.93,34.95,1,0,,,,0,0,0,99989.0,-11.0,99989.0,0.0,0.0,0.0,0.0,0.0,0.0,0.0,0.0,0,0.0,0.0
284,QUOTE_BOTH,2,34.91,34.96,34.91,34.96,34.92,34.94,1,1,34.96,BID,100.0,0,0,0,99989.0,-11.0,99989.0,0.0,0.0,0.0,0.0,0.0,0.0,0.0,0.0,0,0.0,0.0
285,QUOTE_BID,0,34.91,34.96,34.91,34.96,34.92,34.94,1,0,34.96,BID,2400.0,0,0,0,99989.0,-11.0,99989.0,0.0,0.0,0.0,0.0,0.0,0.0,0.0,0.0,0,0.0,0.0
286,QUOTE_ASK,1,34.91,34.96,34.91,34.96,34.92,34.94,0,1,34.97,BID,1700.0,0,0,0,99989.0,-11.0,99989.0,0.0,0.0,0.0,0.0,0.0,0.0,0.0,0.0,0,0.0,0.0
287,QUOTE_BOTH,2,34.91,34.96,34.91,34.96,34.92,34.94,1,1,34.97,BID,2300.0,0,0,0,99989.0,-11.0,99989.0,0.0,0.0,0.0,0.0,0.0,0.0,0.0,0.0,0,0.0,0.0
288,QUOTE_BOTH,2,34.91,34.96,34.91,34.96,34.92,34.94,1,1,34.91,ASK,300.0,0,0,0,99989.0,-11.0,99989.0,0.0,0.0,0.0,0.0,0.0,0.0,0.0,0.0,0,0.0,0.0
289,QUOTE_BID,0,34.91,34.96,34.91,34.96,34.92,34.94,1,0,34.91,ASK,500.0,0,0,0,99989.0,-11.0,99989.0,0.0,0.0,0.0,0.0,0.0,0.0,0.0,0.0,0,0.0,0.0
290,QUOTE_BID,0,34.91,34.96,34.92,34.97,34.92,34.94,1,0,,,,0,0,0,99989.0,-11.0,99989.0,0.0,0.0,0.0,0.0,0.0,0.0,0.0,0.0,0,0.0,0.0
291,QUOTE_ASK,1,34.92,34.97,34.93,34.97,34.93,34.95,0,1,,,,0,0,0,99989.0,-11.0,99989.0,0.0,0.0,0.0,0.0,0.0,0.01,0.0,0.0,0,0.0,0.01
292,QUOTE_BOTH,2,34.93,34.97,34.93,34.97,34.94,34.96,1,1,34.93,ASK,900.0,0,0,0,99989.0,-11.0,99989.0,0.0,0.0,0.0,0.0,0.0,0.0,0.0,0.0,0,0.0,0.0
293,NO_QUOTE,3,34.93,34.97,34.93,34.97,34.94,34.96,0,0,34.93,ASK,800.0,0,0,0,99989.0,-11.0,99989.0,0.0,0.0,0.0,0.0,0.0,0.0,0.0,0.05,1,0.0,-0.05
294,NO_QUOTE,3,34.93,34.97,34.93,34.96,34.94,34.96,0,0,,,,0,0,0,99989.0,-11.0,99989.0,0.0,0.0,0.0,0.0,0.0,0.0,0.0,0.1,2,0.0,-0.1
295,QUOTE_BID,0,34.93,34.96,34.92,34.96,34.93,34.95,1,0,,,,0,0,0,99989.0,-11.0,99989.0,0.0,0.0,0.0,0.0,0.0,0.0,0.0,0.0,0,0.0,0.0
296,QUOTE_BID,0,34.92,34.96,34.92,34.96,34.93,34.95,1,0,34.92,ASK,1700.0,0,0,0,99989.0,-11.0,99989.0,0.0,0.0,0.0,0.0,0.0,0.0,0.0,0.0,0,0.0,0.0
297,QUOTE_BOTH,2,34.92,34.96,34.92,34.96,34.93,34.95,1,1,34.91,ASK,1900.0,0,0,0,99989.0,-11.0,99989.0,0.0,0.0,0.0,0.0,0.0,0.0,0.0,0.0,0,0.0,0.0
298,NO_QUOTE,3,34.92,34.96,34.92,34.96,34.93,34.95,0,0,34.9,ASK,200.0,0,0,0,99989.0,-11.0,99989.0,0.0,0.0,0.0,0.0,0.0,0.0,0.0,0.05,1,0.0,-0.05
299,QUOTE_BID,0,34.92,34.96,34.92,34.96,34.93,34.95,1,0,34.9,ASK,100.0,0,0,0,99989.0,-11.0,99989.0,0.0,0.0,0.0,0.0,0.0,0.0,0.0,0.0,0,0.0,0.0
300,NO_QUOTE,3,34.92,34.96,34.92,34.96,34.93,34.95,0,0,34.9,ASK,300.0,0,0,0,99989.0,-11.0,99989.0,0.0,0.0,0.0,0.0,0.0,0.0,0.0,0.05,1,0.0,-0.05
301,QUOTE_BID,0,34.92,34.96,34.92,34.96,34.93,34.95,1,0,34.9,ASK,5000.0,0,0,0,99989.0,-11.0,99989.0,0.0,0.0,0.0,0.0,0.0,0.0,0.0,0.0,0,0.0,0.0
302,QUOTE_BOTH,2,34.92,34.96,34.92,34.96,34.93,34.95,1,1,34.9,ASK,1000.0,0,0,0,99989.0,-11.0,99989.0,0.0,0.0,0.0,0.0,0.0,0.0,0.0,0.0,0,0.0,0.0
303,QUOTE_ASK,1,34.92,34.96,34.9,34.96,34.93,34.95,0,1,,,,0,0,0,99989.0,-11.0,99989.0,0.0,0.0,0.0,0.0,0.0,0.0,0.0,0.0,0,0.0,0.0
304,QUOTE_BOTH,2,34.9,34.96,34.9,34.96,34.92,34.94,1,1,34.9,ASK,400.0,0,0,0,99989.0,-11.0,99989.0,0.0,0.0,0.0,0.0,0.0,0.0,0.0,0.0,0,0.0,0.0
305,QUOTE_BOTH,2,34.9,34.96,34.9,34.95,34.92,34.94,1,1,,,,0,0,0,99989.0,-11.0,99989.0,0.0,0.0,0.0,0.0,0.0,0.0,0.0,0.0,0,0.0,0.0
306,QUOTE_BID,0,34.9,34.95,34.92,34.95,34.91,34.93,1,0,,,,0,0,0,99989.0,-11.0,99989.0,0.0,0.0,0.0,0.0,0.0,0.0,0.0,0.0,0,0.0,0.0
307,NO_QUOTE,3,34.92,34.95,34.92,34.95,34.92,34.94,0,0,34.96,BID,1900.0,0,0,0,99989.0,-11.0,99989.0,0.0,0.0,0.0,0.0,0.0,0.0,0.0,0.05,1,0.0,-0.05
308,QUOTE_BOTH,2,34.92,34.95,34.92,34.95,34.92,34.94,1,1,34.96,BID,500.0,0,0,0,99989.0,-11.0,99989.0,0.0,0.0,0.0,0.0,0.0,0.0,0.0,0.0,0,0.0,0.0
309,QUOTE_BID,0,34.92,34.95,34.92,34.95,34.92,34.94,1,0,34.95,BID,100.0,0,0,0,99989.0,-11.0,99989.0,0.0,0.0,0.0,0.0,0.0,0.0,0.0,0.0,0,0.0,0.0
310,QUOTE_BOTH,2,34.92,34.95,34.92,34.95,34.92,34.94,1,1,34.96,BID,800.0,0,0,0,99989.0,-11.0,99989.0,0.0,0.0,0.0,0.0,0.0,0.0,0.0,0.0,0,0.0,0.0
311,NO_QUOTE,3,34.92,34.95,34.92,34.95,34.92,34.94,0,0,34.93,ASK,300.0,0,0,0,99989.0,-11.0,99989.0,0.0,0.0,0.0,0.0,0.0,0.0,0.0,0.05,1,0.0,-0.05
312,QUOTE_BID,0,34.92,34.95,34.92,34.95,34.92,34.94,1,0,34.93,ASK,700.0,0,0,0,99989.0,-11.0,99989.0,0.0,0.0,0.0,0.0,0.0,0.0,0.0,0.0,0,0.0,0.0
313,QUOTE_BID,0,34.92,34.95,34.92,34.95,34.92,34.94,1,0,34.96,BID,200.0,0,0,0,99989.0,-11.0,99989.0,0.0,0.0,0.0,0.0,0.0,0.0,0.0,0.0,0,0.0,0.0
314,QUOTE_BID,0,34.92,34.95,34.92,34.93,34.92,34.94,1,0,,,,0,0,0,99989.0,-11.0,99989.0,0.0,0.0,0.0,0.0,0.0,0.0,0.0,0.0,0,0.0,0.0
315,QUOTE_BID,0,34.92,34.93,34.92,34.93,34.91,34.93,1,0,34.93,BID,20000.0,0,0,0,99989.0,-11.0,99989.0,0.0,0.0,0.0,0.0,0.0,0.0,0.0,0.0,0,0.0,0.0
316,QUOTE_ASK,1,34.92,34.93,34.92,34.94,34.91,34.93,0,1,,,,0,0,0,99989.0,-11.0,99989.0,0.0,0.0,0.0,0.0,0.0,0.0,0.0,0.0,0,0.0,0.0
317,NO_QUOTE,3,34.92,34.94,34.92,34.94,34.92,34.94,0,0,34.94,BID,17800.0,0,0,0,99989.0,-11.0,99989.0,0.0,0.0,0.0,0.0,0.0,0.0,0.0,0.05,1,0.0,-0.05
318,QUOTE_BOTH,2,34.92,34.94,34.92,34.94,34.92,34.94,1,0,34.94,BID,2200.0,0,100,-100,103483.0,-11.0,99989.0,0.0,0.0,4.999,0.2,0.0,0.0,0.0,0.0,0,0.023,4.799
319,QUOTE_BID,0,34.92,34.94,34.92,34.94,34.92,34.94,1,0,34.95,BID,2400.0,0,0,-100,103483.0,-11.0,99989.0,0.0,0.0,0.0,0.2,0.005,0.0,0.0,0.0,0,0.0,-0.195
320,QUOTE_BID,0,34.92,34.94,34.92,34.94,34.92,34.94,0,0,34.92,ASK,1900.0,100,0,0,99991.0,-9.0,99991.0,2.0,0.008,4.999,0.0,0.005,0.0,0.0,0.0,0,0.024,5.012
321,NO_QUOTE,3,34.92,34.94,34.91,34.92,34.92,34.94,0,0,,,,0,0,0,99991.0,-9.0,99991.0,0.0,0.0,0.0,0.0,0.0,0.0,0.0,0.05,1,0.0,-0.05
322,QUOTE_BOTH,2,34.91,34.92,34.91,34.92,34.9,34.92,1,0,34.92,BID,3300.0,0,100,-100,103483.0,-9.0,99991.0,0.0,0.0,5.0,0.2,0.0,0.0,0.0,0.0,0,0.023,4.8
323,QUOTE_BID,0,34.91,34.92,34.91,34.92,34.9,34.92,1,0,34.96,BID,1400.0,0,0,-100,103483.0,-9.0,99991.0,0.0,0.0,0.0,0.2,0.005,0.0,0.0,0.0,0,0.0,-0.195
324,QUOTE_BID,0,34.91,34.92,34.91,34.92,34.9,34.92,1,0,34.96,BID,12200.0,0,0,-100,103483.0,-9.0,99991.0,0.0,0.0,0.0,0.2,0.005,0.0,0.0,0.0,0,0.0,-0.195
325,NO_QUOTE,3,34.91,34.92,34.92,34.98,34.9,34.92,0,0,,,,0,0,-100,103483.0,-15.0,99985.0,-6.0,-0.03,0.0,0.2,0.0,0.0,0.005,0.05,1,-0.001,-0.285
326,NO_QUOTE,3,34.92,34.98,34.92,34.98,34.94,34.96,0,0,34.91,ASK,700.0,0,0,-100,103483.0,-15.0,99985.0,0.0,0.0,0.0,0.2,0.0,0.0,0.005,0.1,2,-0.001,-0.305
327,QUOTE_BID,0,34.92,34.98,34.92,34.98,34.94,34.96,1,0,34.91,ASK,200.0,0,0,-100,103483.0,-15.0,99985.0,0.0,0.0,0.0,0.2,0.005,0.0,0.0,0.0,0,0.0,-0.195
328,QUOTE_BID,0,34.92,34.98,34.91,34.95,34.94,34.96,1,0,,,,0,0,-100,103483.0,-12.0,99988.0,3.0,0.012000000000000002,0.0,0.2,0.005,0.01,0.0,0.0,0,0.0,-0.173
329,QUOTE_BID,0,34.91,34.95,34.91,34.95,34.92,34.94,1,0,34.95,BID,2000.0,0,0,-100,103483.0,-12.0,99988.0,0.0,0.0,0.0,0.2,0.005,0.0,0.0,0.0,0,0.0,-0.195
330,NO_QUOTE,3,34.91,34.95,34.93,34.95,34.92,34.94,0,0,,,,0,0,-100,103483.0,-12.0,99988.0,0.0,0.0,0.0,0.2,0.0,0.0,0.005,0.05,1,-0.001,-0.255
331,NO_QUOTE,3,34.93,34.95,34.93,34.95,34.93,34.95,0,0,34.95,BID,300.0,0,0,-100,103483.0,-12.0,99988.0,0.0,0.0,0.0,0.2,0.0,0.0,0.005,0.1,2,-0.001,-0.305
332,QUOTE_BID,0,34.93,34.95,34.93,34.95,34.93,34.95,1,0,34.91,ASK,1700.0,0,0,-100,103483.0,-12.0,99988.0,0.0,0.0,0.0,0.2,0.005,0.0,0.0,0.0,0,0.0,-0.195
333,QUOTE_BID,0,34.93,34.95,34.9,34.94,34.93,34.95,1,0,,,,0,0,-100,103483.0,-11.0,99989.0,1.0,0.004,0.0,0.2,0.005,0.01,0.0,0.0,0,0.0,-0.181
334,QUOTE_BID,0,34.9,34.94,34.9,34.93,34.91,34.93,1,0,,,,0,0,-100,103483.0,-10.0,99990.0,1.0,0.004,0.0,0.2,0.005,0.01,0.0,0.0,0,0.0,-0.181
335,QUOTE_BID,0,34.9,34.93,34.9,34.93,34.9,34.92,1,0,34.93,BID,5400.0,0,0,-100,103483.0,-10.0,99990.0,0.0,0.0,0.0,0.2,0.005,0.0,0.0,0.0,0,0.0,-0.195
336,QUOTE_BID,0,34.9,34.93,34.91,34.94,34.9,34.92,1,0,,,,0,0,-100,103483.0,-11.0,99989.0,-1.0,-0.005,0.0,0.2,0.005,0.0,0.0,0.0,0,0.0,-0.2
337,NO_QUOTE,3,34.91,34.94,34.91,34.94,34.91,34.93,0,0,34.91,ASK,900.0,0,0,-100,103483.0,-11.0,99989.0,0.0,0.0,0.0,0.2,0.0,0.0,0.005,0.05,1,-0.001,-0.255
338,QUOTE_BID,0,34.91,34.94,34.91,34.94,34.91,34.93,0,0,34.91,ASK,800.0,100,0,0,99992.0,-8.0,99992.0,3.0,0.012000000000000002,4.999,0.0,0.005,0.0,0.0,0.0,0,0.024,5.016
339,NO_QUOTE,3,34.91,34.94,34.91,34.94,34.91,34.93,0,0,34.91,ASK,2400.0,0,0,0,99992.0,-8.0,99992.0,0.0,0.0,0.0,0.0,0.0,0.0,0.0,0.05,1,0.0,-0.05
340,QUOTE_ASK,1,34.91,34.94,34.91,34.94,34.91,34.93,0,1,34.9,ASK,1900.0,0,0,0,99992.0,-8.0,99992.0,0.0,0.0,0.0,0.0,0.0,0.0,0.0,0.0,0,0.0,0.0
341,QUOTE_BOTH,2,34.91,34.94,34.91,34.94,34.91,34.93,1,1,34.89,ASK,300.0,0,0,0,99992.0,-8.0,99992.0,0.0,0.0,0.0,0.0,0.0,0.0,0.0,0.0,0,0.0,0.0
342,QUOTE_BOTH,2,34.91,34.94,34.91,34.94,34.91,34.93,1,1,34.89,ASK,2500.0,0,0,0,99992.0,-8.0,99992.0,0.0,0.0,0.0,0.0,0.0,0.0,0.0,0.0,0,0.0,0.0
343,QUOTE_BID,0,34.91,34.94,34.91,34.94,34.91,34.93,1,0,34.89,ASK,200.0,0,0,0,99992.0,-8.0,99992.0,0.0,0.0,0.0,0.0,0.0,0.0,0.0,0.0,0,0.0,0.0
344,NO_QUOTE,3,34.91,34.94,34.91,34.94,34.91,34.93,0,0,34.88,ASK,100.0,0,0,0,99992.0,-8.0,99992.0,0.0,0.0,0.0,0.0,0.0,0.0,0.0,0.05,1,0.0,-0.05
345,QUOTE_ASK,1,34.91,34.94,34.91,34.94,34.91,34.93,0,1,34.88,ASK,200.0,0,0,0,99992.0,-8.0,99992.0,0.0,0.0,0.0,0.0,0.0,0.0,0.0,0.0,0,0.0,0.0
346,QUOTE_BOTH,2,34.91,34.94,34.91,34.94,34.91,34.93,1,1,34.88,ASK,2500.0,0,0,0,99992.0,-8.0,99992.0,0.0,0.0,0.0,0.0,0.0,0.0,0.0,0.0,0,0.0,0.0
347,QUOTE_BID,0,34.91,34.94,34.91,34.94,34.91,34.93,1,0,34.88,ASK,700.0,0,0,0,99992.0,-8.0,99992.0,0.0,0.0,0.0,0.0,0.0,0.0,0.0,0.0,0,0.0,0.0
348,NO_QUOTE,3,34.91,34.94,34.91,34.94,34.91,34.93,0,0,34.87,ASK,5200.0,0,0,0,99992.0,-8.0,99992.0,0.0,0.0,0.0,0.0,0.0,0.0,0.0,0.05,1,0.0,-0.05
349,NO_QUOTE,3,34.91,34.94,34.87,34.94,34.91,34.93,0,0,,,,0,0,0,99992.0,-8.0,99992.0,0.0,0.0,0.0,0.0,0.0,0.0,0.0,0.1,2,0.0,-0.1
350,QUOTE_BID,0,34.87,34.94,34.87,34.88,34.89,34.91,0,0,,,,0,0,100,96503.0,-10.0,99990.0,-2.0,-0.01,-4.0,0.2,0.0,0.0,0.0,0.0,0,-0.02,-4.21
351,QUOTE_ASK,1,34.87,34.88,34.87,34.88,34.86,34.88,0,0,34.88,BID,200.0,0,100,0,99991.0,-9.0,99991.0,1.0,0.004,5.0,0.0,0.005,0.0,0.0,0.0,0,0.024,5.009
352,QUOTE_BID,0,34.87,34.88,34.87,34.93,34.86,34.88,1,0,,,,0,0,0,99991.0,-9.0,99991.0,0.0,0.0,0.0,0.0,0.0,0.0,0.0,0.0,0,0.0,0.0
353,NO_QUOTE,3,34.87,34.93,34.87,34.91,34.89,34.91,0,0,,,,0,0,0,99991.0,-9.0,99991.0,0.0,0.0,0.0,0.0,0.0,0.0,0.0,0.05,1,0.0,-0.05
354,NO_QUOTE,3,34.87,34.91,34.87,34.91,34.88,34.9,0,0,34.91,BID,2400.0,0,0,0,99991.0,-9.0,99991.0,0.0,0.0,0.0,0.0,0.0,0.0,0.0,0.1,2,0.0,-0.1
355,QUOTE_BID,0,34.87,34.91,34.87,34.91,34.88,34.9,1,0,34.93,BID,900.0,0,0,0,99991.0,-9.0,99991.0,0.0,0.0,0.0,0.0,0.0,0.0,0.0,0.0,0,0.0,0.0
356,QUOTE_BID,0,34.87,34.91,34.87,34.91,34.88,34.9,1,0,34.93,BID,1500.0,0,0,0,99991.0,-9.0,99991.0,0.0,0.0,0.0,0.0,0.0,0.0,0.0,0.0,0,0.0,0.0
357,QUOTE_ASK,1,34.87,34.91,34.87,34.91,34.88,34.9,0,1,34.94,BID,600.0,0,0,0,99991.0,-9.0,99991.0,0.0,0.0,0.0,0.0,0.0,0.0,0.0,0.0,0,0.0,0.0
358,QUOTE_BOTH,2,34.87,34.91,34.87,34.91,34.88,34.9,1,1,34.94,BID,800.0,0,0,0,99991.0,-9.0,99991.0,0.0,0.0,0.0,0.0,0.0,0.0,0.0,0.0,0,0.0,0.0
359,QUOTE_ASK,1,34.87,34.91,34.87,34.91,34.88,34.9,0,1,34.95,BID,800.0,0,0,0,99991.0,-9.0,99991.0,0.0,0.0,0.0,0.0,0.0,0.0,0.0,0.0,0,0.0,0.0
360,NO_QUOTE,3,34.87,34.91,34.87,34.91,34.88,34.9,0,0,34.95,BID,1900.0,0,0,0,99991.0,-9.0,99991.0,0.0,0.0,0.0,0.0,0.0,0.0,0.0,0.05,1,0.0,-0.05
361,QUOTE_BID,0,34.87,34.91,34.87,34.91,34.88,34.9,1,0,34.96,BID,1800.0,0,0,0,99991.0,-9.0,99991.0,0.0,0.0,0.0,0.0,0.0,0.0,0.0,0.0,0,0.0,0.0
362,QUOTE_ASK,1,34.87,34.91,34.87,34.91,34.88,34.9,0,1,34.96,BID,2500.0,0,0,0,99991.0,-9.0,99991.0,0.0,0.0,0.0,0.0,0.0,0.0,0.0,0.0,0,0.0,0.0
363,QUOTE_BID,0,34.87,34.91,34.87,34.91,34.88,34.9,1,0,34.96,BID,5800.0,0,0,0,99991.0,-9.0,99991.0,0.0,0.0,0.0,0.0,0.0,0.0,0.0,0.0,0,0.0,0.0
364,QUOTE_BOTH,2,34.87,34.91,34.87,34.96,34.88,34.9,1,1,,,,0,0,0,99991.0,-9.0,99991.0,0.0,0.0,0.0,0.0,0.0,0.01,0.0,0.0,0,0.0,0.01
365,NO_QUOTE,3,34.87,34.96,34.87,34.96,34.9,34.92,0,0,34.96,BID,4100.0,0,0,0,99991.0,-9.0,99991.0,0.0,0.0,0.0,0.0,0.0,0.0,0.0,0.05,1,0.0,-0.05
366,QUOTE_BID,0,34.87,34.96,34.89,34.96,34.9,34.92,1,0,,,,0,0,0,99991.0,-9.0,99991.0,0.0,0.0,0.0,0.0,0.0,0.0,0.0,0.0,0,0.0,0.0
367,NO_QUOTE,3,34.89,34.96,34.89,34.92,34.91,34.93,0,0,,,,0,0,0,99991.0,-9.0,99991.0,0.0,0.0,0.0,0.0,0.0,0.0,0.0,0.05,1,0.0,-0.05
368,NO_QUOTE,3,34.89,34.92,34.89,34.92,34.89,34.91,0,0,34.92,BID,1900.0,0,0,0,99991.0,-9.0,99991.0,0.0,0.0,0.0,0.0,0.0,0.0,0.0,0.1,2,0.0,-0.1
369,QUOTE_BOTH,2,34.89,34.92,34.89,34.92,34.89,34.91,1,1,34.92,ASK,800.0,0,0,0,99991.0,-9.0,99991.0,0.0,0.0,0.0,0.0,0.0,0.0,0.0,0.0,0,0.0,0.0
370,QUOTE_BOTH,2,34.89,34.92,34.89,34.92,34.89,34.91,1,1,34.9,ASK,1700.0,0,0,0,99991.0,-9.0,99991.0,0.0,0.0,0.0,0.0,0.0,0.0,0.0,0.0,0,0.0,0.0
371,QUOTE_ASK,1,34.89,34.92,34.89,34.92,34.89,34.91,0,1,34.9,ASK,2500.0,0,0,0,99991.0,-9.0,99991.0,0.0,0.0,0.0,0.0,0.0,0.0,0.0,0.0,0,0.0,0.0
372,QUOTE_BOTH,2,34.89,34.92,34.89,34.92,34.89,34.91,1,1,34.9,ASK,900.0,0,0,0,99991.0,-9.0,99991.0,0.0,0.0,0.0,0.0,0.0,0.0,0.0,0.0,0,0.0,0.0
373,NO_QUOTE,3,34.89,34.92,34.89,34.92,34.89,34.91,0,0,34.87,ASK,4800.0,0,0,0,99991.0,-9.0,99991.0,0.0,0.0,0.0,0.0,0.0,0.0,0.0,0.05,1,0.0,-0.05
374,QUOTE_ASK,1,34.89,34.92,34.89,34.92,34.89,34.91,0,1,34.87,ASK,100.0,0,0,0,99991.0,-9.0,99991.0,0.0,0.0,0.0,0.0,0.0,0.0,0.0,0.0,0,0.0,0.0
375,QUOTE_BID,0,34.89,34.92,34.87,34.95,34.89,34.91,1,0,,,,0,0,0,99991.0,-9.0,99991.0,0.0,0.0,0.0,0.0,0.0,0.0,0.0,0.0,0,0.0,0.0
376,QUOTE_BID,0,34.87,34.95,34.88,34.93,34.89,34.91,1,0,,,,0,0,0,99991.0,-9.0,99991.0,0.0,0.0,0.0,0.0,0.0,0.0,0.0,0.0,0,0.0,0.0
377,QUOTE_BOTH,2,34.88,34.93,34.89,34.93,34.89,34.91,1,1,,,,0,0,0,99991.0,-9.0,99991.0,0.0,0.0,0.0,0.0,0.0,0.0,0.0,0.0,0,0.0,0.0
378,QUOTE_ASK,1,34.89,34.93,34.89,34.93,34.89,34.91,0,1,34.93,BID,1400.0,0,0,0,99991.0,-9.0,99991.0,0.0,0.0,0.0,0.0,0.0,0.0,0.0,0.0,0,0.0,0.0
379,QUOTE_ASK,1,34.89,34.93,34.9,34.92,34.89,34.91,0,1,,,,0,0,0,99991.0,-9.0,99991.0,0.0,0.0,0.0,0.0,0.0,0.0,0.0,0.0,0,0.0,0.0
380,QUOTE_BID,0,34.9,34.92,34.9,34.92,34.89,34.91,1,0,34.92,BID,600.0,0,0,0,99991.0,-9.0,99991.0,0.0,0.0,0.0,0.0,0.0,0.0,0.0,0.0,0,0.0,0.0
381,QUOTE_BID,0,34.9,34.92,34.9,34.92,34.89,34.91,1,0,34.94,BID,1900.0,0,0,0,99991.0,-9.0,99991.0,0.0,0.0,0.0,0.0,0.0,0.0,0.0,0.0,0,0.0,0.0
382,QUOTE_BOTH,2,34.9,34.92,34.9,34.91,34.89,34.91,1,1,,,,0,0,0,99991.0,-9.0,99991.0,0.0,0.0,0.0,0.0,0.0,0.0,0.0,0.0,0,0.0,0.0
383,QUOTE_BID,0,34.9,34.91,34.9,34.91,34.89,34.91,1,0,34.91,BID,100.0,0,0,0,99991.0,-9.0,99991.0,0.0,0.0,0.0,0.0,0.0,0.0,0.0,0.0,0,0.0,0.0
384,QUOTE_BOTH,2,34.9,34.91,34.9,34.91,34.89,34.91,1,1,34.94,BID,700.0,0,0,0,99991.0,-9.0,99991.0,0.0,0.0,0.0,0.0,0.0,0.0,0.0,0.0,0,0.0,0.0
385,NO_QUOTE,3,34.9,34.91,34.9,34.91,34.89,34.91,0,0,34.94,BID,20000.0,0,0,0,99991.0,-9.0,99991.0,0.0,0.0,0.0,0.0,0.0,0.0,0.0,0.05,1,0.0,-0.05
386,NO_QUOTE,3,34.9,34.91,34.9,34.91,34.89,34.91,0,0,34.94,BID,100.0,0,0,0,99991.0,-9.0,99991.0,0.0,0.0,0.0,0.0,0.0,0.0,0.0,0.1,2,0.0,-0.1
387,QUOTE_BOTH,2,34.9,34.91,34.91,34.93,34.89,34.91,1,0,,,,0,0,-100,103482.0,-11.0,99989.0,-2.0,-0.01,-1.999,0.2,0.0,0.0,0.0,0.0,0,-0.01,-2.209
388,QUOTE_BID,0,34.91,34.93,34.93,34.94,34.91,34.93,1,0,,,,0,0,-100,103482.0,-12.0,99988.0,-1.0,-0.005,0.0,0.2,0.005,0.0,0.0,0.0,0,0.0,-0.2
389,QUOTE_BID,0,34.93,34.94,34.93,34.94,34.92,34.94,1,0,34.93,BID,200.0,0,0,-100,103482.0,-12.0,99988.0,0.0,0.0,0.0,0.2,0.005,0.0,0.0,0.0,0,0.0,-0.195
390,QUOTE_BID,0,34.93,34.94,34.93,34.94,34.92,34.94,1,0,34.94,BID,200.0,0,0,-100,103482.0,-12.0,99988.0,0.0,0.0,0.0,0.2,0.005,0.0,0.0,0.0,0,0.0,-0.195
391,QUOTE_BID,0,34.93,34.94,34.88,34.92,34.92,34.94,0,0,,,,0,0,0,99990.0,-10.0,99990.0,2.0,0.008,-4.0,0.0,0.005,0.0,0.0,0.0,0,-0.019,-3.987
392,QUOTE_BID,0,34.88,34.92,34.88,34.92,34.89,34.91,1,0,34.92,BID,100.0,0,0,0,99990.0,-10.0,99990.0,0.0,0.0,0.0,0.0,0.0,0.0,0.0,0.0,0,0.0,0.0
393,NO_QUOTE,3,34.88,34.92,34.88,34.92,34.89,34.91,0,0,34.92,BID,700.0,0,0,0,99990.0,-10.0,99990.0,0.0,0.0,0.0,0.0,0.0,0.0,0.0,0.05,1,0.0,-0.05
394,QUOTE_BOTH,2,34.88,34.92,34.88,34.92,34.89,34.91,1,1,34.92,BID,200.0,0,0,0,99990.0,-10.0,99990.0,0.0,0.0,0.0,0.0,0.0,0.0,0.0,0.0,0,0.0,0.0
395,QUOTE_BID,0,34.88,34.92,34.88,34.92,34.89,34.91,0,0,34.89,ASK,100.0,100,0,100,96501.0,-11.0,99989.0,-1.0,-0.005,4.999,0.2,0.0,0.0,0.0,0.0,0,0.023,4.794
396,QUOTE_ASK,1,34.88,34.92,34.88,34.92,34.89,34.91,0,1,34.88,ASK,400.0,0,0,100,96501.0,-11.0,99989.0,0.0,0.0,0.0,0.2,0.005,0.0,0.0,0.0,0,0.0,-0.195
397,NO_QUOTE,3,34.88,34.92,34.88,34.92,34.89,34.91,0,0,34.88,ASK,600.0,0,0,100,96501.0,-11.0,99989.0,0.0,0.0,0.0,0.2,0.0,0.0,0.005,0.05,1,-0.001,-0.255
398,QUOTE_ASK,1,34.88,34.92,34.88,34.92,34.89,34.91,0,1,34.92,BID,400.0,0,0,100,96501.0,-11.0,99989.0,0.0,0.0,0.0,0.2,0.005,0.0,0.0,0.0,0,0.0,-0.195
399,NO_QUOTE,3,34.88,34.92,34.88,34.91,34.89,34.91,0,0,,,,0,0,100,96501.0,-11.0,99989.0,0.0,0.0,0.0,0.2,0.0,0.0,0.005,0.05,1,-0.001,-0.255
400,QUOTE_ASK,1,34.88,34.91,34.88,34.91,34.88,34.9,0,1,34.91,BID,400.0,0,0,100,96501.0,-11.0,99989.0,0.0,0.0,0.0,0.2,0.005,0.0,0.0,0.0,0,0.0,-0.195
401,NO_QUOTE,3,34.88,34.91,34.88,34.91,34.88,34.9,0,0,34.91,BID,1100.0,0,0,100,96501.0,-11.0,99989.0,0.0,0.0,0.0,0.2,0.0,0.0,0.005,0.05,1,-0.001,-0.255
402,QUOTE_BOTH,2,34.88,34.91,34.87,34.9,34.88,34.9,1,1,,,,0,0,100,96501.0,-12.0,99988.0,-1.0,-0.005,0.0,0.2,0.005,0.0,0.0,0.0,0,0.0,-0.2
403,QUOTE_ASK,1,34.87,34.9,34.87,34.9,34.87,34.89,0,1,34.9,BID,300.0,0,0,100,96501.0,-12.0,99988.0,0.0,0.0,0.0,0.2,0.005,0.0,0.0,0.0,0,0.0,-0.195
404,QUOTE_ASK,1,34.87,34.9,34.87,34.9,34.87,34.89,0,1,34.87,ASK,300.0,0,0,100,96501.0,-12.0,99988.0,0.0,0.0,0.0,0.2,0.005,0.0,0.0,0.0,0,0.0,-0.195
405,QUOTE_ASK,1,34.87,34.9,34.87,34.9,34.87,34.89,0,1,34.87,ASK,200.0,0,0,100,96501.0,-12.0,99988.0,0.0,0.0,0.0,0.2,0.005,0.0,0.0,0.0,0,0.0,-0.195
406,QUOTE_ASK,1,34.87,34.9,34.87,34.9,34.87,34.89,0,1,34.9,BID,100.0,0,0,100,96501.0,-12.0,99988.0,0.0,0.0,0.0,0.2,0.005,0.0,0.0,0.0,0,0.0,-0.195
407,QUOTE_ASK,1,34.87,34.9,34.87,34.9,34.87,34.89,0,1,34.9,BID,800.0,0,0,100,96501.0,-12.0,99988.0,0.0,0.0,0.0,0.2,0.005,0.0,0.0,0.0,0,0.0,-0.195
408,QUOTE_ASK,1,34.87,34.9,34.87,34.9,34.87,34.89,0,1,34.9,BID,1100.0,0,0,100,96501.0,-12.0,99988.0,0.0,0.0,0.0,0.2,0.005,0.0,0.0,0.0,0,0.0,-0.195
409,QUOTE_ASK,1,34.87,34.9,34.87,34.9,34.87,34.89,0,1,34.86,ASK,500.0,0,0,100,96501.0,-12.0,99988.0,0.0,0.0,0.0,0.2,0.005,0.0,0.0,0.0,0,0.0,-0.195
410,QUOTE_ASK,1,34.87,34.9,34.87,34.9,34.87,34.89,0,1,34.86,ASK,100.0,0,0,100,96501.0,-12.0,99988.0,0.0,0.0,0.0,0.2,0.005,0.0,0.0,0.0,0,0.0,-0.195
411,NO_QUOTE,3,34.87,34.9,34.87,34.9,34.87,34.89,0,0,34.86,ASK,200.0,0,0,100,96501.0,-12.0,99988.0,0.0,0.0,0.0,0.2,0.0,0.0,0.005,0.05,1,-0.001,-0.255
412,QUOTE_ASK,1,34.87,34.9,34.87,34.9,34.87,34.89,0,1,34.86,ASK,1200.0,0,0,100,96501.0,-12.0,99988.0,0.0,0.0,0.0,0.2,0.005,0.0,0.0,0.0,0,0.0,-0.195
413,QUOTE_ASK,1,34.87,34.9,34.86,34.9,34.87,34.89,0,1,,,,0,0,100,96501.0,-13.0,99987.0,-1.0,-0.005,0.0,0.2,0.005,0.0,0.0,0.0,0,0.0,-0.2
414,QUOTE_ASK,1,34.86,34.9,34.86,34.9,34.86,34.88,0,1,34.86,ASK,1300.0,0,0,100,96501.0,-13.0,99987.0,0.0,0.0,0.0,0.2,0.005,0.0,0.0,0.0,0,0.0,-0.195
415,QUOTE_ASK,1,34.86,34.9,34.86,34.9,34.86,34.88,0,1,34.86,ASK,2200.0,0,0,100,96501.0,-13.0,99987.0,0.0,0.0,0.0,0.2,0.005,0.0,0.0,0.0,0,0.0,-0.195
416,QUOTE_BOTH,2,34.86,34.9,34.86,34.9,34.86,34.88,0,1,34.86,ASK,1000.0,100,0,200,93015.0,-13.0,99987.0,0.0,0.0,4.999,0.8,0.005,0.0,0.0,0.0,0,0.02,4.204
417,QUOTE_ASK,1,34.86,34.9,34.86,34.9,34.86,34.88,0,1,34.86,ASK,2400.0,0,0,200,93015.0,-13.0,99987.0,0.0,0.0,0.0,0.8,0.01,0.0,0.0,0.0,0,-0.003,-0.79
418,QUOTE_ASK,1,34.86,34.9,34.86,34.9,34.86,34.88,0,1,34.85,ASK,100.0,0,0,200,93015.0,-13.0,99987.0,0.0,0.0,0.0,0.8,0.01,0.0,0.0,0.0,0,-0.003,-0.79
419,QUOTE_ASK,1,34.86,34.9,34.86,34.9,34.86,34.88,0,1,34.85,ASK,600.0,0,0,200,93015.0,-13.0,99987.0,0.0,0.0,0.0,0.8,0.01,0.0,0.0,0.0,0,-0.003,-0.79
420,QUOTE_ASK,1,34.86,34.9,34.86,34.9,34.86,34.88,0,1,34.85,ASK,2500.0,0,0,200,93015.0,-13.0,99987.0,0.0,0.0,0.0,0.8,0.01,0.0,0.0,0.0,0,-0.003,-0.79
